http://youtu.be/BNxOKTzome0,juanmata8
http://youtu.be/BNxOKTzome0,juanmata8
http://bit.ly/1Sq7d6U,juanmata8
https://www.kicca.com/juanmata8/posts/56f8e483aed1d9768c07929d,juanmata8
http://bddy.me/1S5ezdq,juanmata8
http://bit.ly/1MiWoV3,juanmata8
https://www.kicca.com/juanmata8/posts/56efb80caed1d97bd0e41c10,juanmata8
https://cards.twitter.com/cards/18ce53zpxu1/1j6uo,juanmata8
https://cards.twitter.com/cards/18ce53zpxu1/1j6uo,juanmata8
http://bit.ly/1UaXPaz,juanmata8
http://www.kicca.com/juanmata8/posts/56e67d94aed1d976aa280b12,juanmata8
https://www.kicca.com/juanmata8/posts/56dd4317aed1d97bd0e41b92,juanmata8
http://bit.ly/1QwMRZa,juanmata8
http://represent.com/juanmata,juanmata8
http://represent.com/juanmata,juanmata8
https://twitter.com/jordievole/status/705416075790438400,juanmata8
https://www.kicca.com/juanmata8/posts/56d40891aed1d932417b66f1,juanmata8
http://juanmata8.com/blog/orgulloso-del-equipo/,juanmata8
https://www.youtube.com/watch?v=DYNHqlqkGXs,juanmata8
https://www.youtube.com/watch?v=DYNHqlqkGXs,juanmata8
https://grabyo.com/g/v/2V2FScnWyyN,juanmata8
https://grabyo.com/g/v/5I2S4kV1q7N,juanmata8
https://www.youtube.com/watch?v=vGhlJYJuJW0,juanmata8
http://bit.ly/1QUxTtg,juanmata8
http://juanmata8.com/blog/con-ilusion-de-ir-a-wembley/,juanmata8
https://www.youtube.com/watch?v=Vc0jD1waraA,juanmata8
http://bit.ly/1Vg2lSt,juanmata8
https://www.kicca.com/juanmata8/posts/56c1939aaed1d93a1fc238fd,juanmata8
http://youtu.be/3Ob9Rz28KIo,juanmata8
http://youtu.be/3Ob9Rz28KIo,juanmata8
https://www.youtube.com/watch?v=ofciUDFBZAw,juanmata8
http://bit.ly/1K7pE0d,juanmata8
https://www.kicca.com/juanmata8/posts/56b85909aed1d942e0da5eb0,juanmata8
https://amp.twimg.com/v/511f2962-1767-49a6-88e3-bc4dce27893c,juanmata8
https://www.youtube.com/watch?v=WyOnTdafYO4,juanmata8
https://www.youtube.com/watch?v=WyOnTdafYO4,juanmata8
https://youtu.be/tFj1kV4jsWs,juanmata8
http://bit.ly/1nyVCaU,juanmata8
https://www.kicca.com/juanmata8/posts/56af1eb2aed1d93a39c83a16,juanmata8
https://grabyo.com/g/v/8YALqmOZiDT,juanmata8
http://www.laureus.com/run,juanmata8
https://goo.gl/QQ1hgT,juanmata8
http://bit.ly/1NuoK8x,juanmata8
http://bit.ly/1PuTAWc,juanmata8
http://youtu.be/TbqVslZmcIA,juanmata8
http://youtu.be/TbqVslZmcIA,juanmata8
http://youtu.be/-pzFBrEgGQY,juanmata8
http://bit.ly/1V19WnB,juanmata8
https://www.kicca.com/juanmata8/posts/569ca991aed1d93a1fc238ee,juanmata8
https://grabyo.com/g/v/vzWrmRcImIS,juanmata8
http://youtu.be/0KrwH5ZqWAI,juanmata8
http://youtu.be/0KrwH5ZqWAI,juanmata8
https://twitter.com/RevenantMovie/status/684493775394062336,juanmata8
http://bit.ly/1OJSovZ,juanmata8
https://www.kicca.com/juanmata8/posts/56936f49aed1d942d42c1e3d,juanmata8
https://twitter.com/waynerooney/status/685495635123003392,juanmata8
https://www.youtube.com/watch?v=U1cAsg2yOHI,juanmata8
https://www.youtube.com/watch?v=U1cAsg2yOHI,juanmata8
http://bit.ly/1Z1x8Ze,juanmata8
http://bit.ly/1ZJZzrF,juanmata8
http://ow.ly/WrR3k,juanmata8
http://bit.ly/1mlIOUP,juanmata8
https://www.kicca.com/juanmata8/posts/5680fa43aed1d9431bd1c45f,juanmata8
http://snpy.tv/1SdO6y4,juanmata8
http://bit.ly/1meIp6v,juanmata8
http://www.kicca.com/juanmata8/posts/5677bf94aed1d93a0508016f,juanmata8
http://www.kicca.com/juanmata8/posts/566e8510aed1d94330b253c6,juanmata8
http://goo.gl/yRbNvm,Argentina
http://goo.gl/NIjKQZ,Argentina
http://goo.gl/W4cbmp,Argentina
http://goo.gl/8f2mhD,Argentina
http://goo.gl/DefgnA,Argentina
http://twitter.com/Argentina/status/715633585051406336/photo/1,Argentina
https://youtu.be/fzAzH43SnKQ,Argentina
http://goo.gl/oJiqjC,Argentina
http://goo.gl/Wi56Zj,Argentina
http://goo.gl/6X80NI,Argentina
http://goo.gl/jFxDCw,Argentina
http://goo.gl/fXAi3T,Argentina
http://goo.gl/Wi56Zj,Argentina
http://goo.gl/fWruzR,Argentina
http://goo.gl/qYpHO4,Argentina
http://goo.gl/eEAjkk,Argentina
http://goo.gl/fXAi3T,Argentina
http://goo.gl/d0w2ze,Argentina
http://goo.gl/qM88yx,Argentina
http://goo.gl/Y32J3x,Argentina
http://goo.gl/sgf5pc,Argentina
http://goo.gl/qYpHO4,Argentina
http://goo.gl/49ngcE,Argentina
http://goo.gl/ljo1NV,Argentina
http://goo.gl/9nUxRT,Argentina
http://snpy.tv/1SlimDN,Argentina
http://goo.gl/9nUxRT,Argentina
http://goo.gl/9nUxRT,Argentina
http://goo.gl/9nUxRT,Argentina
http://goo.gl/9nUxRT,Argentina
https://twitter.com/elmejorcule/status/715828240875659264,ElMejorCule
https://amp.twimg.com/v/c1ddc756-7a47-4056-831a-9b0b3e0d8a02,ElMejorCule
https://twitter.com/ElMejorCule/status/715253849049735169,ElMejorCule
https://twitter.com/ElMejorCule/status/712389114553827328,ElMejorCule
https://twitter.com/ElMejorCule/status/710221793701838849,ElMejorCule
https://twitter.com/ElMejorCule/status/707608975487934464,ElMejorCule
https://twitter.com/marca/status/705748015907209217,ElMejorCule
https://twitter.com/ElMejorCule/status/704082564387045377,ElMejorCule
https://vine.co/v/igAvVEwHaOO,ElMejorCule
https://twitter.com/ElMejorCule/status/704082564387045377,ElMejorCule
https://twitter.com/ElMejorCule/status/704082564387045377,ElMejorCule
https://twitter.com/elmejorcule/status/703642365542731779,ElMejorCule
http://twitter.com/fcbgif6/status/694978632423444481/photo/1,ElMejorCule
http://www.youtube.com/el10blaugrana,el10blaugrana
https://twitter.com/manutd/status/714844828698349569,D_DeGea
https://youtu.be/B88CKhxuefY,D_DeGea
http://bddy.me/1RNwxHh,D_DeGea
http://hyperurl.co/PepsiBlueCard,D_DeGea
https://youtu.be/YaZHUfjC3ac,D_DeGea
https://makesnaps.com/get/pepsi,D_DeGea
https://www.youtube.com/watch?v=C-FHnnRYYKc,D_DeGea
https://twitter.com/d_degea/status/694888063131111426,D_DeGea
https://twitter.com/juanmata8/status/690466389673512960,D_DeGea
http://snpy.tv/1Wx0IAJ,D_DeGea
http://snpy.tv/1l4aRHx,D_DeGea
https://vine.co/v/iMatmlntKPU,D_DeGea
http://youtu.be/QINbgIJRPSQ,D_DeGea
http://skysports.tv/MRyTMk,GNev2
https://twitter.com/valenciacf/status/702176004656209920,GNev2
http://bit.ly/SubastaWEB,GNev2
http://www.yorkshirepost.co.uk/news/man-behind-the-curtain-chef-teams-up-with-manchester-united-greats-for-new-role-1-7663859,GNev2
https://twitter.com/gg_talent/status/685439083305414656,GNev2
http://bit.ly/auctionWEB,GNev2
https://twitter.com/salfordcityfc/status/681050315974676481,GNev2
https://twitter.com/valenciacf_en/status/679974631923552256,GNev2
https://twitter.com/salfordcityfc/status/676879572768595970,GNev2
http://www.bigchangemcr.co.uk,GNev2
http://bit.ly/1lpOFYN,GNev2
https://twitter.com/simonehendry/status/671096581249175553,GNev2
http://www.skysports.com/football/news/11698/10081763/darren-fletcher-on-why-west-brom-feels-right-after-man-utd-departure,GNev2
http://skysports.tv/ZcrsML,GNev2
https://twitter.com/skysarahjane/status/670633964370075648,GNev2
https://twitter.com/geoffshreeves/status/670628205930422272,GNev2
https://instagram.com/p/-oatSiA_tJ/,GNev2
http://snpy.tv/1Yy3C9Q,GNev2
http://eventopedia.com/venue-finder/listing/players-lounge-at-hotel-football-old-trafford?tab=reviews&sort=newest#sabai-entity-content-29739,GNev2
https://twitter.com/bennett_todd/status/670548512141103104,GNev2
http://www.telegraph.co.uk/sport/football/teams/tottenham-hotspur/12020485/Mauricio-Pochettino-is-my-favourite-Premier-League-coach-he-has-transformed-Tottenham-Hotspur.html,GNev2
https://twitter.com/dunc_lewis/status/670258184741896192,GNev2
https://twitter.com/seanfromenderby/status/670249915315023872,GNev2
https://twitter.com/jcodyb89/status/670249812755947520,GNev2
https://twitter.com/robbdogg1978/status/670249607952244737,GNev2
https://twitter.com/thomcakey/status/670249420852748288,GNev2
https://twitter.com/mccabe170/status/670249324270493696,GNev2
https://twitter.com/shemgich/status/670171495130353664,GNev2
https://twitter.com/snakehipssam/status/670170826092756992,GNev2
https://twitter.com/mickmarjr/status/670170730441646081,GNev2
https://twitter.com/rogers_aj/status/670170059013292032,GNev2
https://twitter.com/konichikagawa/status/670169850485063680,GNev2
https://twitter.com/gav_jenk/status/670169600739450881,GNev2
https://twitter.com/wor_s/status/670169446384861185,GNev2
https://twitter.com/laingylive401/status/669907677003280384,GNev2
http://bit.ly/1NLvr75,GNev2
https://twitter.com/salfordcityfc/status/669152563082735616,GNev2
https://twitter.com/batcam/status/668842126474657793,GNev2
https://twitter.com/msteadz/status/668836293527404544,GNev2
https://twitter.com/davesymmonds/status/668708442958249984,GNev2
https://twitter.com/tim_burgess/status/668466473380245506,GNev2
https://www.youtube.com/watch?v=PEWPcPYaJ-M,GNev2
http://skysports.tv/bw6fRq,GNev2
https://twitter.com/salfordcityfc/status/668109606875459584,GNev2
https://twitter.com/salfordcityfc/status/668102898522439680,GNev2
https://twitter.com/salfordcityfc/status/668095394312757249,GNev2
https://twitter.com/salfordcityfc/status/668075886277754880,GNev2
https://twitter.com/footy4lyf_/status/668054480655659008,GNev2
https://twitter.com/adlovescurry/status/668054106293039104,GNev2
http://www.pitchero.com/clubs/salfordcityfc/news/fa-cup-second-round-ticket-sale-details-1523725.html,GNev2
https://twitter.com/snakehipssam/status/667953464698359809,GNev2
https://twitter.com/cookson_/status/667950221662490624,GNev2
https://twitter.com/andyclarke76/status/667949661936852992,GNev2
http://connectpa.co.uk/the-honeypot-campaign-for-children-who-care/,PhilJones4
http://snpy.tv/1QSP5lA,PhilJones4
https://vine.co/v/iOj9djzdI1d,PhilJones4
https://twitter.com/charliesloth/status/663439130777526272,PhilJones4
http://youtu.be/Ro4_9EjpX_4,PhilJones4
https://amp.twimg.com/v/82eb2ab5-97fb-4353-86d1-eac2c9bca541,PhilJones4
http://www.adidas.com/frontrow?cm_mmc=AdiPlayer_philjones-_-football-_-FB-_-post-_-dv:brand-_-cn:homekit-1000-_-pc:crm,PhilJones4
https://amp.twimg.com/v/b8ee65d0-aebd-415c-85b4-8b1cf6b9ef39,PhilJones4
http://a.did.as/6012BEaYe,PhilJones4
https://amp.twimg.com/v/2ed9212f-1482-4208-8d1d-456e4c985b83,PhilJones4
http://www.manutd.com/en/Tour-2015/News-and-Features/2015/Jul/phil-jones-is-focusing-on-a-successful-pre-season-tour.aspx,PhilJones4
http://bit.ly/OwenLeague,themichaelowen
https://www.sportlobster.com/post/634172/in-hindsight-it-was-always-goi.html,themichaelowen
https://www.sportlobster.com/post/634000/good-debut-from-drinkwater-lo.html,themichaelowen
https://twitter.com/sfcfc96/status/714902086710902786,themichaelowen
https://twitter.com/willfry27/status/714143032208203776,themichaelowen
https://www.sportlobster.com/post/633671/from-the-last-time-england-wen.html,themichaelowen
http://www.manorhousestables.com/manor_house_monthly.html,themichaelowen
http://www.manorhousestables.com/competition.php,themichaelowen
http://bit.ly/1PqYexM,themichaelowen
https://www.sportlobster.com/post/633074/i-shared-a-stage-in-barcelona.html,themichaelowen
https://twitter.com/norbert_chima/status/712657417469825024,themichaelowen
https://www.sportlobster.com/post/632923/i-think-theyve-missed-a-0-off.html,themichaelowen
http://justgiving.com,themichaelowen
https://twitter.com/Scotchwhiskycom/status/711905092572733441,themichaelowen
https://www.sportlobster.com/post/632422/rashford-looks-top-class-pace.html,themichaelowen
https://www.sportlobster.com/post/632041/omg-leicester-are-going-to-wi.html,themichaelowen
https://twitter.com/SpeySingleMalt/status/710921837065199617,themichaelowen
http://bit.ly/OwenLeague,themichaelowen
https://www.sportlobster.com/post/631706/here-we-gojohn-constable-21.html,themichaelowen
https://twitter.com/ryan_ryan1993/status/710542101902131200,themichaelowen
http://snpy.tv/1RniEJk,themichaelowen
https://twitter.com/emullally79/status/710152378616520704,themichaelowen
https://www.sportlobster.com/post/631069/decent-enough-day-yesterday-h.html,themichaelowen
https://twitter.com/ryan_murf9/status/709736132171472896,themichaelowen
https://twitter.com/alexwatkins7/status/709736529720188928,themichaelowen
https://www.sportlobster.com/post/630714/so-many-fancied-horses-but-aft.html,themichaelowen
https://www.sportlobster.com/post/630294/great-game-at-old-trafford-pr.html,themichaelowen
https://www.sportlobster.com/post/629874/having-limped-off-less-than-3.html,themichaelowen
http://bit.ly/FACupLeague,themichaelowen
https://twitter.com/ColossusBets/status/708334849304694784,themichaelowen
https://www.sportlobster.com/post/629467/you-know-where-to-find-me-on-a.html,themichaelowen
https://vine.co/v/iXlbWVaBlph,themichaelowen
http://songforkenny.com,themichaelowen
https://twitter.com/Craig_Ed1/status/698254045631377409,themichaelowen
http://snpy.tv/21KLVZF,themichaelowen
https://tickts.info/DID3Rb,themichaelowen
https://www.instagram.com/p/BDpzr0iJAEo/,luisnani
https://www.instagram.com/p/BDk4UgDpAEp/,luisnani
https://www.instagram.com/p/BDjhQONpABN/,luisnani
https://www.instagram.com/p/BDeAQbdJAK5/,luisnani
https://www.instagram.com/p/BDWjvC8JAId/,luisnani
https://www.instagram.com/p/BDQhz-MpAPS/,luisnani
https://www.instagram.com/p/BDDdv9NJAK8/,luisnani
https://www.instagram.com/p/BC8h-m4pAPV/,luisnani
https://www.instagram.com/p/BC8OoT2pAFN/,luisnani
https://www.instagram.com/p/BC6DtrnpABm/,luisnani
https://www.instagram.com/p/BC5WlbHJAL4/,luisnani
https://www.instagram.com/p/BCxlK-5pAHs/,luisnani
https://www.instagram.com/p/BCqhGTapAHe/,luisnani
https://www.instagram.com/p/BCnW_orpAEv/,luisnani
https://www.instagram.com/p/BCge_XApALn/,luisnani
https://www.instagram.com/p/BCfgpfWpADZ/,luisnani
https://www.instagram.com/p/BCdxPmbJAIj/,luisnani
https://www.instagram.com/p/BCYs4J8JAH_/,luisnani
https://www.instagram.com/p/BCXjKIjJAJ5/,luisnani
https://www.instagram.com/p/BCVh1F-JAF9/,luisnani
https://www.instagram.com/p/BCOJs8OpAL4/,luisnani
https://www.instagram.com/p/BCNcGsZpANa/,luisnani
https://www.instagram.com/p/BCBcJLDJAAG/,luisnani
https://www.instagram.com/p/BCAaA6_JAJW/,luisnani
https://www.instagram.com/p/BBySTErJAN2/,luisnani
https://www.instagram.com/p/BBsGzRXpAOg/,luisnani
https://www.instagram.com/p/BBr9JYOpAMr/,luisnani
https://www.instagram.com/p/BBrxSgZpAIv/,luisnani
https://www.instagram.com/p/BBcrHQjJAHx/,luisnani
https://www.instagram.com/p/BBNCvavpADW/,luisnani
https://www.instagram.com/p/BBK3gVcJAKY/,luisnani
https://www.instagram.com/p/BBKk-ODJAAg/,luisnani
https://www.instagram.com/p/BA7COnLpAFj/,luisnani
https://www.instagram.com/p/BAuKV9rJAD9/,luisnani
https://www.instagram.com/p/BAru2NTJAOt/,luisnani
https://www.instagram.com/p/BAfHa0epAJq/,luisnani
https://www.instagram.com/p/BAemS5FpAMt/,luisnani
https://www.instagram.com/p/BAaesaKpAK8/,luisnani
https://www.instagram.com/p/BAXVQUhJAN3/,luisnani
https://www.instagram.com/p/_9uqNAJAOK/,luisnani
https://www.instagram.com/p/_7QfhpJADR/,luisnani
https://www.instagram.com/p/_1-cXeJAKM/,luisnani
https://www.instagram.com/p/_sCB71JAFz/,luisnani
https://www.instagram.com/p/_pc_s_JACm/,luisnani
https://www.instagram.com/p/_o1haVpAO9/,luisnani
https://www.instagram.com/p/_iAjEDpABy/,luisnani
https://www.instagram.com/p/_h08NdpAIc/,luisnani
https://www.instagram.com/p/_g4bWzpAMB/,luisnani
https://www.instagram.com/p/_cAU-rJAEQ/,luisnani
https://www.instagram.com/p/_P0J1kJAN1/,luisnani
https://www.instagram.com/p/_PA2hJJAC3/,luisnani
https://www.instagram.com/p/_OzhN8pAJo/,luisnani
https://www.instagram.com/p/_MrDvapABp/,luisnani
https://www.instagram.com/p/_HkOxEJAF3/,luisnani
https://www.instagram.com/p/-98UMhJAOJ/,luisnani
https://www.instagram.com/p/-9DIPwpAI5/,luisnani
https://www.instagram.com/p/-6GN4KJAH5/,luisnani
https://www.instagram.com/p/-uhGxHpAAz/,luisnani
https://instagram.com/p/-tj7uOpADD/,luisnani
https://instagram.com/p/-rNiKfpAJD/,luisnani
https://instagram.com/p/9KGJq6pAMC/,luisnani
https://instagram.com/p/9HBhM2pAOb/,luisnani
https://instagram.com/p/8-dbzWpAL0/,luisnani
https://instagram.com/p/879IYTpAKh/,luisnani
https://instagram.com/p/8tY49tpANT/,luisnani
https://instagram.com/p/8sjtiDJACC/,luisnani
https://instagram.com/p/8l--kkJAFE/,luisnani
https://instagram.com/p/8lBCLNpADh/,luisnani
https://instagram.com/p/8gO0b8pAF7/,luisnani
https://instagram.com/p/8a2LbLJAL3/,luisnani
https://instagram.com/p/8ay5cHpAD7/,luisnani
https://instagram.com/p/8X_FR5JAI6/,luisnani
https://instagram.com/p/8UQR2ZpAHq/,luisnani
https://instagram.com/p/8UD6dWpAC1/,luisnani
https://instagram.com/p/8SwD22JAFD/,luisnani
https://instagram.com/p/8QZwnFpABW/,luisnani
https://instagram.com/p/8EDGQdJAMB/,luisnani
https://instagram.com/p/74zLj8pAJA/,luisnani
https://instagram.com/p/73hqoWJAMu/,luisnani
https://instagram.com/p/7u-eqCpAKc/,luisnani
https://instagram.com/p/7sl2yVJAL5/,luisnani
https://instagram.com/p/7qFAbRpAEF/,luisnani
https://instagram.com/p/7ljXhcJAEa/,luisnani
https://instagram.com/p/7kwF0tpAKO/,luisnani
https://instagram.com/p/7gFhRMJAKY/,luisnani
https://instagram.com/p/7Xp0nFpAGB/,luisnani
https://instagram.com/p/7WSCtVpAA5/,luisnani
https://instagram.com/p/7UzBOqJAG9/,luisnani
https://instagram.com/p/7Ps1wNJADo/,luisnani
https://instagram.com/p/7Nm1lRJAKn/,luisnani
https://instagram.com/p/7NRHlHpADy/,luisnani
https://instagram.com/p/7LFCNpJAPj/,luisnani
https://instagram.com/p/7KvqIXJAKx/,luisnani
https://instagram.com/p/7KrnV8JAEV/,luisnani
https://instagram.com/p/7Itbo-pAOm/,luisnani
https://instagram.com/p/7IYiOPJAKd/,luisnani
https://instagram.com/p/7F_deUJAAg/,luisnani
https://instagram.com/p/7Boto_pAFC/,luisnani
https://instagram.com/p/7AKugApAAL/,luisnani
https://instagram.com/p/651eRNJALO/,luisnani
http://orlan.do/1mqt6rc,KAKA
http://soc.cr/106qOw,KAKA
https://www.gofundme.com/far7brqs,KAKA
https://www.instagram.com/p/BDQVWGTMYyX/,KAKA
http://snpy.tv/1TVbliG,KAKA
https://www.instagram.com/p/BDnRLzjtg3q/,rioferdy5
http://5mag.co/store,rioferdy5
https://instagram.com/p/BDgKhEoNgwC/,rioferdy5
http://spoti.fi/1oUduOl,rioferdy5
https://instagram.com/p/BDbVLXlMXio/,rioferdy5
http://5mag.co/store/head-wear/five-blackgold-snapback,rioferdy5
https://twitter.com/bbcwalessport/status/712692229777674242,rioferdy5
http://kickr.com/rio,rioferdy5
https://twitter.com/mark_delaney11/status/712247912609271808,rioferdy5
https://twitter.com/5mag/status/712240366318125057,rioferdy5
http://snpy.tv/1S0zVZq,rioferdy5
http://youtu.be/vB-je5BuAxk,rioferdy5
https://instagram.com/p/BDNvqiytg_L/,rioferdy5
http://spoti.fi/Nsu4Aw,rioferdy5
https://twitter.com/sportrelief/status/710795842567979008,rioferdy5
https://instagram.com/p/BDDLbuENgxI/,rioferdy5
http://snpy.tv/1puKuNU,rioferdy5
https://www.instagram.com/p/BDBvdUktg2n/,rioferdy5
https://www.instagram.com/p/BDBjmlbNg_W/,rioferdy5
https://www.instagram.com/p/BDBZSXttg4L/,rioferdy5
https://www.instagram.com/p/BDBXFJ2tgzf/,rioferdy5
http://bit.ly/1VbTwes,rioferdy5
https://instagram.com/p/BC-kI9ytg8k/,rioferdy5
https://twitter.com/claredelmar/status/709648676294160384,rioferdy5
https://amp.twimg.com/v/9a653bc0-022f-46fc-9532-2a969a55eaa8,rioferdy5
https://instagram.com/p/BCyQc-9Ng5S/,rioferdy5
https://instagram.com/p/BCyHaXFtg15/,rioferdy5
https://twitter.com/Carra23/status/707919856990068736,rioferdy5
https://twitter.com/YehTuneKyaKiya/status/707916708896329729,rioferdy5
https://twitter.com/steve_b_lpoolfc/status/707912103420665857,rioferdy5
https://twitter.com/samarasmith11/status/707912507927760896,rioferdy5
https://twitter.com/dann496/status/707912586050670592,rioferdy5
https://twitter.com/nfluk/status/707912298048974848,rioferdy5
https://twitter.com/piersmorgan/status/707911191029489664,rioferdy5
https://twitter.com/mrsinghssauce/status/707908977334550530,rioferdy5
https://twitter.com/tomgalanis/status/707909071354122240,rioferdy5
https://twitter.com/butchfist/status/707909277227294721,rioferdy5
https://twitter.com/olpmfifa/status/707909283741093888,rioferdy5
https://twitter.com/yeraulwansgrand/status/707909309053722624,rioferdy5
https://twitter.com/thereversefiash/status/707909385360527360,rioferdy5
https://twitter.com/redunitedfc/status/707866382411698176,rioferdy5
https://twitter.com/dannemann23/status/707871830636433408,rioferdy5
https://twitter.com/angryyoungman24/status/707879303568994305,rioferdy5
https://twitter.com/ansellbrett/status/707893027004653568,rioferdy5
https://twitter.com/yrubasha/status/707897496886972416,rioferdy5
https://twitter.com/theflawedfather/status/707904065892519936,rioferdy5
https://twitter.com/youngblacbanger/status/707904305282547714,rioferdy5
https://twitter.com/theantoniocross/status/707904329223643136,rioferdy5
https://twitter.com/therabonafake/status/707904458202734599,rioferdy5
https://twitter.com/mathaijoshi/status/707904478222032896,rioferdy5
https://twitter.com/themanutdway/status/707905081132322817,rioferdy5
https://twitter.com/worldwarste/status/707905122731474944,rioferdy5
https://twitter.com/mhendry92/status/707905372309340160,rioferdy5
https://twitter.com/manutdchatuk/status/707702013178413056,rioferdy5
https://instagram.com/p/BCvlvBENg1d/,rioferdy5
http://www.bbc.co.uk/bbcthree/item/d1de39a6-0ca4-4c51-bf88-fd6f25693bf9,WayneRooney
http://facebook.com/WayneRooney/posts/1124834327575534,WayneRooney
http://connectpa.co.uk/the-honeypot-campaign-for-children-who-care/,WayneRooney
https://www.youtube.com/watch?v=gLMXF0YeumA,WayneRooney
https://www.youtube.com/watch?v=gLMXF0YeumA,WayneRooney
https://www.instagram.com/p/BCmqZPJTLpA/,WayneRooney
https://twitter.com/mcilroyrory/status/703656538930593797,WayneRooney
https://youtu.be/j0WK0bE27-Y,WayneRooney
http://go.nike.com/22u1mfk,WayneRooney
https://amp.twimg.com/v/0b8c4f23-dfc3-4fff-9bea-0b9271829a11,WayneRooney
http://s.chevy.com/JrP,WayneRooney
https://amp.twimg.com/v/c0c96b7f-176d-4b96-8e57-1f8fcd9ef2ea,WayneRooney
https://amp.twimg.com/v/511f2962-1767-49a6-88e3-bc4dce27893c,WayneRooney
http://po.st/mandal,WayneRooney
http://youtu.be/8nJhN527MtQ,WayneRooney
https://youtu.be/Hkyw3DtxmWY,WayneRooney
https://twitter.com/england/status/684315273457958912,WayneRooney
http://bit.ly/1IOnXUT,WayneRooney
https://twitter.com/england/status/684315273457958912,WayneRooney
https://amp.twimg.com/v/0a984806-059d-46dc-9031-20e29b7da01d,WayneRooney
http://mufoundation.org/santarun,WayneRooney
https://amp.twimg.com/v/ae63f50d-e98a-4f38-9363-d4cfa7f9888e,WayneRooney
http://bit.ly/1HHamxL,WayneRooney
https://amp.twimg.com/v/11d90849-17d5-455a-b14e-e080965064fc,WayneRooney
https://instagram.com/p/9_J_mfTLrN/,WayneRooney
http://bit.ly/1Wfwuk5,WayneRooney
https://twitter.com/WayneRooney/status/659026158487474177,WayneRooney
http://bit.ly/1k7bTlM,WayneRooney
https://youtu.be/BR9l1hsK2R8,WayneRooney
http://www.tesco.com/direct/the-curious-tale-of-fi-rex/H6X-8E3Q.prd?pageLevel=&skuId=H6X-8E3Q,WayneRooney
http://youtu.be/ynOP7LyjN4c,WayneRooney
https://twitter.com/gretton123/status/652535314939006976,WayneRooney
https://youtu.be/4ZZogA6fA6o,Persie_Official
https://www.youtube.com/watch?v=y61NjAw6YeQ,Persie_Official
https://instagram.com/p/BCDbEk4MUAK/,Persie_Official
https://youtu.be/f_eh2OSXtx4,Persie_Official
https://youtu.be/szyAIkJ698w,Persie_Official
https://twitter.com/sosyal_makina/status/689514158728044544,Persie_Official
https://amp.twimg.com/v/f5e8b914-4d8c-4e73-9bb4-5d9012b019cf,Persie_Official
https://cards.twitter.com/cards/18ce541ibab/1c512,Persie_Official
https://amp.twimg.com/v/80e2d53e-686c-4da6-9431-c6366337df8e,Persie_Official
https://amp.twimg.com/v/6bda9f44-f4b7-4b2a-b494-ce653f3243d6,Persie_Official
https://amp.twimg.com/v/1f0256e9-6317-45df-a448-329fb69a9322,Persie_Official
http://www.ockyz.com/,Persie_Official
https://grabyo.com/g/v/QO9UtPUCdoa,Persie_Official
https://grabyo.com/g/v/e6y60oi75tz,Persie_Official
http://ow.ly/MgTMe,Persie_Official
http://www.robinvanpersietournament.com,Persie_Official
http://bitly.com/1De6dc0,Persie_Official
http://bit.ly/1Evk6FO,Persie_Official
https://twitter.com/ManUtd/status/577823208138792960,Persie_Official
https://twitter.com/2010MisterChip/status/713590574599766017,CH14_
https://twitter.com/MrAncelotti/status/712545898602082304,CH14_
https://twitter.com/MrAncelotti/status/712546124498907136,CH14_
http://somosinvictos.com/2016/03/21/ni-como-cr7-ni-como-messi-el-hijo-de-david-barral-delantero-espanol-quiere-ser-como-chicharito/,CH14_
http://www.bayer04.de/B04-ENG/en/_md_aktuell-dt.aspx?aktuell=aktuell-6108&guid=0-920FE473-6E45-4940-A760-643DBB7BB64F-575,CH14_
http://goo.gl/mNUz2y,CH14_
https://twitter.com/anamadelatorre/status/707801398063271938,CH14_
https://www.instagram.com/p/BB4yRvtHMWT/,CH14_
https://www.instagram.com/p/BBznMwOHMTB/,CH14_
https://twitter.com/Juezcentral/status/698983270541889536,CH14_
https://twitter.com/ch14_/status/698542659418374145,CH14_
https://twitter.com/ch14_/status/698542659418374145,CH14_
https://twitter.com/Bundesliga_EN/status/698475964725071872,CH14_
https://twitter.com/ChampionsLeague/status/695235438408265728,CH14_
http://bndsl.ga/0ojSr,CH14_
http://www.ebay.de/itm/Chicharito-Matchworn-Original-Champions-League-Trikot-Jersey-Camiseta-/141883417972,CH14_
https://twitter.com/bayer04fussball/status/691923282807930881,CH14_
https://www.instagram.com/p/BA-LHxKHMb9/,CH14_
http://bndsl.ga/Vkqwy,CH14_
https://www.instagram.com/p/BAiA4-NnMUd/,CH14_
http://somosinvictos.com/2016/01/13/solamente-el-lateral-mas-asistente-en-europa-no-miguel-layun-esta-entre-ozil-y-di-maria-en-asistencias/,CH14_
http://bndsl.ga/a4UCP,CH14_
https://twitter.com/D_DeGea/status/687255664436056065,CH14_
http://bndsl.ga/a4UCP,CH14_
https://twitter.com/CH14_/status/683792434275434496,CH14_
https://www.instagram.com/p/__Dg0gnMXw/,CH14_
http://bndsl.ga/94mN7,CH14_
https://twitter.com/rioferdy5/status/677104024441774080,CH14_
http://somosinvictos.com/2015/12/15/chicharito-desmiente-categoricamente-unas-supuestas-declaraciones-sobre-louis-van-gaal/,CH14_
https://twitter.com/Bundesliga_EN/status/676004632355848192,CH14_
https://twitter.com/Bundesliga_EN/status/675640915906662400,CH14_
http://bndsl.ga/qsA8y,CH14_
https://twitter.com/Bundesliga_EN/status/675277116326326275,CH14_
http://bndsl.ga/qsA8y,CH14_
https://twitter.com/Bundesliga_EN/status/674908427051802624,CH14_
http://bndsl.ga/qsA8y,CH14_
https://twitter.com/Bundesliga_EN/status/674182296149303296,CH14_
https://twitter.com/Bundesliga_EN/status/674182296149303296,CH14_
http://bndsl.ga/1rLus,CH14_
https://instagram.com/p/-akF68KcXA/,CH14_
http://bndsl.ga/4eH0G,CH14_
http://bndsl.ga/GhLme,CH14_
https://twitter.com/SChecoPerez/status/660571108718936064,CH14_
https://twitter.com/bayer04_es/status/660562277167271936,CH14_
http://bndsl.ga/YezaI,CH14_
http://bndsl.ga/uP3AQ,CH14_
https://www.youtube.com/watch?v=LKQku1oPr2Y,ubuntu
http://ubunt.eu/RKDaUS,ubuntu
http://ubunt.eu/RBOWP7,ubuntu
https://amp.twimg.com/v/c906dc85-2215-4668-b880-9ab74d58ab92,ubuntu
http://tnw.me/Q5Bpaa7,ubuntu
https://twitter.com/maryjofoley/status/715210715204706306,ubuntu
http://blog.dustinkirkland.com/2016/03/ubuntu-on-windows.html,ubuntu
http://www.omgubuntu.co.uk/?p=105320,ubuntu
http://www.slashgear.com/windows-10-might-soon-run-ubuntu-linux-utilities-natively-30433935/,ubuntu
http://j.mp/u-on-w,ubuntu
https://developer.ubuntu.com/en/snappy/,ubuntu
http://ubuntuonair.com,ubuntu
http://bit.ly/1RzMUDW,ubuntu
https://store.bq.com/gl/ubuntu-edition,ubuntu
http://ubuntu-party.org/evenement/libre-en-fete-au-pavillon-circulaire-a-paris/,ubuntu
https://twitter.com/thibautR/status/712741466448257024,ubuntu
http://bit.ly/1LGc6tm,ubuntu
http://bit.ly/1RuEMSi,ubuntu
http://ubunt.eu/VrVE25,ubuntu
https://developer.ubuntu.com/en/blog/2016/03/17/5-minutes-file-iot-developer-survey-2016/,ubuntu
http://pro5ubuntuhack.devpost.com,ubuntu
https://owncloud.org/blog/wd-labs-raspberry-pi-owncloud-and-ubuntu/,ubuntu
http://bit.ly/1pq0Jvf,ubuntu
https://insights.ubuntu.com/2016/03/14/vip-internet-turns-to-canonicals-juju-for-instant-service-creation/,ubuntu
https://insights.ubuntu.com/2016/03/14/flexwebhosting-spins-up-services-in-record-time-with-canonical/,ubuntu
http://del.ly/6015BeAFB,ubuntu
https://www.youtube.com/watch?v=cDRDZng92Bs,ubuntu
https://www.surveymonkey.com/r/AGILEIoT,ubuntu
http://ubunt.eu/aw4dwA,ubuntu
https://twitter.com/perfectomobile/status/706974973349339136,ubuntu
http://ubuntuonair.com,ubuntu
http://ubunt.eu/lc9D4S,ubuntu
http://ubunt.eu/aw4dwA,ubuntu
https://vine.co/v/i67KYqZFrqV,ubuntu
http://ow.ly/3ceqWr,ubuntu
http://onepl.us/opou,ubuntu
http://buff.ly/24MY7Ir,ubuntu
https://insights.ubuntu.com/?p=35175,ubuntu
http://ubunt.eu/uO4utD,ubuntu
http://ubunt.eu/kvRJLr,ubuntu
http://ubunt.eu/aw4dwA,ubuntu
http://ubuntuonair.com,ubuntu
http://dlvr.it/Kcr2mW,ubuntu
http://bit.ly/21xNdUq,ubuntu
https://recombu.com/mobile/article/mobile-phone-continuum-convergence-chromecast-maru-os,ubuntu
http://dlvr.it/KQ8x9m,ubuntu
https://twitter.com/bqreaders/status/704270281448284162,ubuntu
http://ubunt.eu/lKHmM2,ubuntu
https://vine.co/v/i6eeA7tEMVg,ubuntu
http://bit.ly/1ojK8IW,ubuntu
https://vine.co/v/i6OQYwi05Yv,ubuntu
https://vine.co/v/i6MJ2KeDPDq,ubuntu
https://vine.co/v/i67KYqZFrqV,ubuntu
https://twitter.com/bqreaders/status/702463082866610176,ubuntu
https://vine.co/v/i6z3ddUpB3t,ubuntu
http://ubunt.eu/1T2OyC,ubuntu
https://twitter.com/4YFN_MWC/status/702180445170098176,ubuntu
https://vine.co/v/i6uEEHVKPpn,ubuntu
https://twitter.com/popey/status/702101040645206016,ubuntu
http://ubuntuonair.com,ubuntu
https://vine.co/v/irEderOwjVb,ubuntu
https://vine.co/v/irEzQ6Ah5Zn,ubuntu
https://twitter.com/cvd2701/status/701726580532498432,ubuntu
https://twitter.com/abc_tecnologia/status/701752305415233537,ubuntu
http://bit.ly/1ZPifWv,Maugs99
http://www.bloomberg.com/features/2016-how-to-hack-an-election/,Maugs99
https://twitter.com/yogero/status/673624618096271360,Maugs99
https://twitter.com/yogero/status/703625366062145536,Maugs99
http://ow.ly/108tmu,Maugs99
http://www.theatlantic.com/health/archive/2014/04/does-your-dog-or-cat-actually-love-you/360784/,Maugs99
https://twitter.com/hzagal/status/715690207224459267,Maugs99
http://www.scientificamerican.com/article/how-traffic-jams-decentralize-cities/,Maugs99
http://www.theguardian.com/us-news/2016/mar/30/donald-trump-women-abortions-punishment?utm_source=esp&utm_medium=Email&utm_campaign=GU+Today+main+NEW+H&utm_term=164498&subid=9006933&CMP=EMCNEWEML6619I2,Maugs99
https://twitter.com/pictoline/status/715316755581657088,Maugs99
http://www.slate.com/articles/health_and_science/education/2016/03/andrew_hacker_s_the_math_myth_is_a_great_example_of_mathematics_illiteracy.html?wpsrc=sh_all_tab_tw_ru,Maugs99
http://arxiv.org/pdf/1004.1001.pdf,Maugs99
http://blog.scottlowe.org/2016/03/25/docker-swarm-aws-docker-machine/,Maugs99
http://hvrd.me/ZWtFw,Maugs99
http://bit.ly/1MPNQQy,Maugs99
https://www.elsiglodetorreon.com.mx/noticia/1209871.la-civilizacion-y-las-abejas-apocalipsis-apicola.html,Maugs99
http://www.theverge.com/2016/3/28/11317396/apple-fbi-encryption-vacate-iphone-order-san-bernardino?utm_campaign=theverge&utm_content=chorus&utm_medium=social&utm_source=twitter,Maugs99
http://www.newyorker.com/tech/elements/ive-seen-the-greatest-a-i-minds-of-my-generation-destroyed-by-twitter?mbid=social_facebook,Maugs99
http://gizmo.do/bey9Odr,Maugs99
http://fw.to/sO89DoS,Maugs99
https://twitter.com/thinkprogress/status/713766786525741057,Maugs99
http://www.newstatesman.com/culture/tv-radio/2016/03/john-gray-philip-k-dick-lost-multiverse-history,Maugs99
http://arxiv.org/abs/1603.07692,Maugs99
https://medium.com/@thatdavidhopkins/how-a-tv-sitcom-triggered-the-downfall-of-western-civilization-336e8ccf7dd0#.4fblt086p,Maugs99
https://twitter.com/Maugs99/status/584079386820775936,Maugs99
http://www.theparisreview.org/blog/2016/03/24/the-borges-memorial-non-lending-library-of-imaginary-books/#.VvQdgkl8gTo.twitter,Maugs99
https://twitter.com/nytimes/status/713104369814732802,Maugs99
https://www.youtube.com/watch?v=QFCSXr6qnv4,Maugs99
http://www.theatlantic.com/video/index/474588/why-empathy-is-a-bad-thing/,Maugs99
http://theatln.tc/1ZoAOAM,Maugs99
http://philsci-archive.pitt.edu/11988/1/coord_short.pdf,Maugs99
http://www.haneycodes.net/npm-left-pad-have-we-forgotten-how-to-program/,Maugs99
http://dailynous.com/2016/03/08/new-wittgenstein/,Maugs99
http://www.openculture.com/2014/08/ludwig-wittgensteins-tractatus-gets-adapted-into-an-avant-garde-comic-opera.html,Maugs99
http://www.nervanasys.com/demystifying-deep-reinforcement-learning/,Maugs99
http://arxiv.org/abs/1603.05691,Maugs99
http://nyti.ms/1T20Hpj,Maugs99
https://twitter.com/Maugs99/status/710853212048232448,Maugs99
http://ow.ly/ZFW3O,Maugs99
https://twitter.com/nntaleb/status/710862349851303936,Maugs99
http://www.vox.com/2016/3/18/11260924/petrobras-brazil?utm_campaign=vox&utm_content=article%3Afixed&utm_medium=social&utm_source=twitter,Maugs99
https://plus.google.com/u/0/+JoelDavidHamkins1/posts/5fuWc3uVSxs,Maugs99
http://www.theliberatedmathematician.com/,Maugs99
http://labrujula.nexos.com.mx/?p=305,Maugs99
http://www2.scjn.gob.mx/ConsultaTematica/PaginasPub/DetallePub.aspx?AsuntoID=178885,Maugs99
http://blog.rstudio.org/2016/03/09/r-on-travis-ci/,hadleywickham
http://r4ds.had.co.nz/introduction.html,hadleywickham
http://r4ds.had.co.nz,hadleywickham
https://itunes.apple.com/us/podcast/e634-hadley-wickham-rstudio/id315114957?i=365906688&mt=2,hadleywickham
http://simplystatistics.org/2016/03/31/feather/,hadleywickham
https://github.com/krlmlr/hms,hadleywickham
https://github.com/daattali/rstudio-addins#readme,hadleywickham
http://modernboxscore.com,hadleywickham
https://earlconf.com/london/workshops/,hadleywickham
https://www.eventbrite.com/e/r-ladies-coding-club-drop-in-for-absolute-r-beginners-tickets-24231959443?aff=es2,hadleywickham
https://dynamicecology.wordpress.com/2016/03/30/why-i-am-scientist-again-the-concept-of-a-data-present,hadleywickham
https://twitter.com/hspter/status/714909017949224961,hadleywickham
http://ropensci.org/blog/2016/03/10/community-manager-position,hadleywickham
http://software-carpentry.org/blog/2016/03/ropensci-community-manager.html,hadleywickham
https://news.ycombinator.com,hadleywickham
https://github.com/wesm/feather,hadleywickham
https://twitter.com/wesmckinn/status/629690154723094528,hadleywickham
http://blog.rstudio.org/2016/03/29/feather/,hadleywickham
http://blog.cloudera.com/blog/2016/03/feather-a-fast-on-fisk-format-for-data-frames-for-r-and-python-powered-by-apache-arrow/,hadleywickham
http://www.meetup.com/R-Users/events/229156095/,hadleywickham
https://medium.com/airbnb-engineering/using-r-packages-and-education-to-scale-data-science-at-airbnb-906faa58e12d#.b38g3f8xb,hadleywickham
http://software-carpentry.org/blog/2016/03/r-consortium-training.html,hadleywickham
http://cradledincaricature.com/2016/03/28/the-odd-fellowship-reflections-on-an-historian-as-a-software-sustainability-institute-fellow/,hadleywickham
http://stat545-ubc.github.io/bit007_draw-the-rest-of-the-owl.html,hadleywickham
https://twitter.com/pachamaltese/status/714527376806395904,hadleywickham
http://multithreaded.stitchfix.com/blog/,hadleywickham
http://ropensci.org/blog/2016/03/28/software-review,hadleywickham
http://www.meetup.com/R-Users/events/229156095,hadleywickham
https://benaracreations2015.shinyapps.io/gr5project/,hadleywickham
https://benaracreations2015.shinyapps.io/gr5project/,hadleywickham
https://twitter.com/AcademicsSay/status/713745334816653312,hadleywickham
http://secretariadoejecutivo.gob.mx/docs/pdfs/victimas/Victimas2016_022016.pdf,diegovalle
http://j.mp/1RxaynJ,diegovalle
http://j.mp/22sWpNv,diegovalle
http://j.mp/22sWnFx,diegovalle
http://j.mp/22AOpqt,diegovalle
http://j.mp/22sWoJJ,diegovalle
http://j.mp/1Rw5lfY,diegovalle
https://github.com/diegovalle/aire.zmvm,diegovalle
http://j.mp/1RJkVz6,diegovalle
http://j.mp/1RJkVz6,diegovalle
http://j.mp/1RJkVz6,diegovalle
http://j.mp/1RJkVz6,diegovalle
http://j.mp/1RJkVz6,diegovalle
http://j.mp/1RJkVz6,diegovalle
http://j.mp/1RM6rQm,diegovalle
http://www.numeroslocos.com/tag/colonias/,diegovalle
http://crimenmexico.diegovalle.net/es/,diegovalle
http://wp.me/pMm6L-uhc,diegovalle
https://github.com/diegovalle/mxmaps,diegovalle
http://walkerke.github.io/2016/02/interactives-feb12/,diegovalle
http://datadryad.org/resource/doi:10.5061/dryad.47v3c,diegovalle
https://blog.diegovalle.net/2016/01/encuesta-intercensal-2015-shapefiles.html,diegovalle
http://j.mp/1JmpgdR,diegovalle
http://j.mp/23hNMmY,diegovalle
http://j.mp/20hR6fz,diegovalle
http://hoyodecrimen.com,diegovalle
http://j.mp/1ZLMpu3,diegovalle
https://campus.fsu.edu/bbcswebdav/users/jcalhoun/Courses/Growth_of_American_Economy/Chapter_Supplemental_Readings/Chapter_02/Engermann-Factor_Endowments.pdf,diegovalle
http://j.mp/1ZLMpu3,diegovalle
http://j.mp/1Yx9BcV,diegovalle
http://j.mp/1O4NJEg,diegovalle
http://j.mp/1Yx9kXE,diegovalle
http://www.wired.com/2015/12/bitcoins-creator-satoshi-nakamoto-is-probably-this-unknown-australian-genius/,diegovalle
http://j.mp/1lbOfoM,diegovalle
http://j.mp/1PGRIIU,diegovalle
http://j.mp/1NjPEq5,diegovalle
http://j.mp/1Hfd6Ct,diegovalle
http://j.mp/1SMEmcK,diegovalle
https://www.diegovalle.net/maps/terrain/colima.html,diegovalle
https://www.diegovalle.net/maps/terrain/baluarte.html,diegovalle
http://buscador.inegi.org.mx/search?requiredfields=cve_titgen:3604&client=ProductosR&proxystylesheet=ProductosR&num=10&getfields=*&sort=meta:edicion:D:E:::D&entsp=a__inegi_politica_p72&lr=lang_es%7Clang_en&oe=UTF-8&ie=UTF-8&entqr=3&filter=0&site=ProductosBuscador&tlen=260&ulang=en&ip=189.253.102.57&access=p&entqrm=0&ud=1&q=+inmeta:Entidad%3DBaja%2520California&dnavs=inmeta:Entidad%3DBaja%2520California,diegovalle
http://j.mp/1NIMr1Y,diegovalle
https://hoyodecrimen.com/,diegovalle
http://j.mp/1RM6rQm,diegovalle
https://blog.diegovalle.net/2009/12/unmarried-parenthood-rate-in-mexico.html,diegovalle
https://www.youtube.com/watch?v=CcKX0L2xIX4,diegovalle
https://cran.r-project.org/web/packages/inegiR/,diegovalle
http://j.mp/1ky215h,diegovalle
http://j.mp/1kvdvGD,diegovalle
http://crimenmexico.diegovalle.net/es/municipios-map.html,diegovalle
http://crimenmexico.diegovalle.net/es/municipios.html,diegovalle
http://crimenmexico.diegovalle.net/es/index.html,diegovalle
http://www.michelecoscia.com/?page_id=1032,diegovalle
https://hoyodecrimen.com/en/,diegovalle
http://diegovalle.net,diegovalle
http://j.mp/1FbVTsF,diegovalle
http://j.mp/1V6L9gU,diegovalle
http://j.mp/1L1Cz3H,diegovalle
http://j.mp/1OqOSa5,diegovalle
http://j.mp/1EMl7Oe,diegovalle
http://j.mp/1K46lhs,diegovalle
http://j.mp/1iu8M77,diegovalle
http://stackoverflow.com/questions/31814037/integrating-time-series-graphs-and-leaflet-maps-using-r-shiny/32312047#32312047,diegovalle
http://stackoverflow.com/questions/31814037/integrating-time-series-graphs-and-leaflet-maps-using-r-shiny/32312047#32312047,diegovalle
http://inegifacil.com/maps,diegovalle
http://www3.inegi.org.mx/sistemas/biblioteca/ficha.aspx?upc=702825278724,diegovalle
http://ow.ly/10ad0I,overleaf
http://buff.ly/1PErUrt,overleaf
https://www.overleaf.com/read/hxzzvxmwrwzm,overleaf
http://overleaf.com/contact,overleaf
http://www.overleaf.com/blog/7,overleaf
http://buff.ly/1Mz2q3Z,overleaf
https://codemirror.net/2/demo/emacs.html,overleaf
https://www.overleaf.com/read/tmfpqfxwdxbs,overleaf
https://twitter.com/overleaf/status/714966253169840128,overleaf
https://www.overleaf.com/blog/299-how-overleaf-got-me-into-latex,overleaf
https://www.overleaf.com/read/ytzjhgcgbghd,overleaf
https://www.overleaf.com/read/ytzjhgcgbghd,overleaf
http://overleaf.com/blog/195,overleaf
https://twitter.com/WrightingApril/status/714833452755881984,overleaf
https://www.overleaf.com/help/85,overleaf
http://overleaf.com/contact,overleaf
http://overleaf.com/contact,overleaf
https://thewinnower.com/papers/3281-science-ama-series-i-m-john-hammersley-mathematics-phd-and-co-founder-of-overleaf-here-to-discuss-my-transition-from-academia-to-industry-to-becoming-a-company-founder-ask-me-anything,overleaf
http://overleaf.com/blog/7,overleaf
https://www.overleaf.com/latex/examples/dodecahedron-desk-calendar/mrjbknbbrjhy,overleaf
https://twitter.com/katemath/status/714543292092956672,overleaf
https://www.overleaf.com/latex/examples/tagged/illusions,overleaf
http://johnhammersley.com/?p=381,overleaf
https://twitter.com/overleaf/status/714172932126183424,overleaf
https://www.overleaf.com/read/hfhmgdzqnbcg,overleaf
https://www.overleaf.com/read/mdjghwffcwyv,overleaf
https://www.overleaf.com/read/ytzjhgcgbghd,overleaf
http://overleaf.com/blog/195,overleaf
http://ineed.coffee/3454/how-to-synchronize-an-overleaf-latex-paper-with-a-github-repository/,overleaf
http://www.pnascentral.org,overleaf
https://goo.gl/xSgrtf,overleaf
https://www.overleaf.com/help/230-how-do-i-push-a-new-project-to-overleaf-via-git,overleaf
https://www.overleaf.com/latex/templates/book-design-inspired-by-edward-tufte/gcfbtdjfqdjh,overleaf
https://www.overleaf.com/read/wmzjsqzttwkj,overleaf
http://overleaf.com/contact,overleaf
http://buff.ly/1U4f5OP,overleaf
https://www.overleaf.com/gallery/tagged/charts#.VvHAApbo0fF.twitter,overleaf
https://www.overleaf.com/read/kyxqjqrxdydp#.VvF7N5Q4GuV.twitter,overleaf
https://www.overleaf.com/read/ytzjhgcgbghd,overleaf
http://ow.ly/ZFzE5,overleaf
http://buff.ly/22ruC0b,overleaf
https://www.overleaf.com/read/tptdkgmwznys,overleaf
https://www.overleaf.com/gallery/tagged/academic-journal#.Vu_eDHWLRD8,overleaf
http://ow.ly/ZK7Yx,overleaf
http://www.overleaf.com/contact,overleaf
https://twitter.com/evanburchard/status/711838057498939393,overleaf
https://www.digital-science.com/blog/tech/foundersfriday-overleaf-co-founders-john-hammersley-john-lees-miller-part-1/,overleaf
http://ow.ly/ZFzE5,overleaf
http://jdlm.info/articles/2016/03/06/lessons-building-node-app-docker.html,overleaf
http://overleaf.com/contact,overleaf
http://www.overleaf.com/read/hpxqcdjdbkzm,overleaf
http://ow.ly/ZF07i,overleaf
http://ow.ly/ZEKGK,overleaf
https://twitter.com/kisalar/status/710777410283827200,overleaf
https://www.overleaf.com/read/dtsbhhkvghzz,overleaf
https://www.overleaf.com/blog/297-overleaf-at-australian-and-nz-industrial-and-applied-maths-anziam-2016#.VutHZLMDj4R.twitter,overleaf
http://overleaf.com/contact,overleaf
http://overleaf.com/contact,overleaf
https://www.instagram.com/p/BDB7e50N3DV/,overleaf
https://www.overleaf.com/latex/learn/free-online-introduction-to-latex-part-1,overleaf
https://www.overleaf.com/latex/learn/free-online-introduction-to-latex-part-1,overleaf
https://www.overleaf.com/blog/300#.VudVPziyYD9.twitter,overleaf
http://tex.stackexchange.com/q/1319/23931?stw=2,overleaf
https://www.overleaf.com/blog/216-examples-techniques-and-tips-on-how-to-use-latexmkrc-with-overleaf,overleaf
http://nuggetbridge.com/blogs/entry/1523-top-10-snail-pokemon-number-4-will-shock-you/,nuggetbridge
http://bit.ly/1RB8Mfa,nuggetbridge
http://bit.ly/1Ro1XhQ,nuggetbridge
http://www.pokemon.com/us/strategy/an-interview-with-winter-regional-champion-randy-kwa/,nuggetbridge
http://nuggetbridge.com/forums/topic/22970-nugget-bridge-major-5-round-2/,nuggetbridge
http://nuggetbridge.com/forums/forum/25-pokken-tournament/,nuggetbridge
http://nuggetbridge.com/blogs/entry/1459-nugget-bridge-major-5-round-1-is-here/,nuggetbridge
https://www.eventbrite.com/e/nugget-bridge-major-5-registration-22662422917,nuggetbridge
http://twitch.tv/pokemon_vgc_center,nuggetbridge
https://www.twitch.tv/pokemontorinovg,nuggetbridge
http://twitch.tv/nuggetbridge,nuggetbridge
http://nuggetbridge.com/forums/topic/21996-nugget-bridge-circuit-season-5-mega-thread/?do=findComment&comment=263396,nuggetbridge
http://Twitch.tv/nuggetbridge,nuggetbridge
https://www.eventbrite.com/e/nugget-bridge-major-5-paypal-registration-22712422467,nuggetbridge
http://nuggetbridge.com/blogs/entry/1427-nugget-bridge-major-5/,nuggetbridge
http://bit.ly/1LX18u1,nuggetbridge
http://bit.ly/1L6xRSO,nuggetbridge
http://twitch.tv/legendxstudio0,nuggetbridge
http://www.twitch.tv/pokemon_vgc_center,nuggetbridge
http://www.redbull.com/uk/en/esports/stories/1331779062542/best-pokemon-games,nuggetbridge
https://www.youtube.com/watch?v=tRe8pH0cIyY,nuggetbridge
http://www.nintendo.com/nintendo-direct,nuggetbridge
http://twitch.tv/nuggetbridge,nuggetbridge
http://twitch.tv/nuggetbridge,nuggetbridge
http://Twitch.tv/pokemonvgc,nuggetbridge
http://Twitch.tv/PokemonVGC,nuggetbridge
http://Pokemon.com/regionals,nuggetbridge
http://www.youtube.com/watch?v=aANWHWqGPc4&sns=tw,nuggetbridge
http://Twitch.tv/PokemonVGC,nuggetbridge
http://twitch.tv/nuggetbridge,nuggetbridge
http://Pokemon.com/Regionals,nuggetbridge
http://twitch.tv/PokemonVGC,nuggetbridge
http://www.pokemon-organizedplay.eu,nuggetbridge
http://Twitch.tv/PokemonVGC,nuggetbridge
http://Twitch.tv/PokemonVGC,nuggetbridge
http://bit.ly/1PJ0ZOG,nuggetbridge
https://battlefy.com/nugget-bridge/nugget-bridge-circuit-514/56bd939adf03c4030339475c/info,nuggetbridge
http://www.amazon.co.uk/Pokemon-Super-Mystery-Dungeon-Nintendo/dp/B0194RW1BK/,nuggetbridge
http://www.pokemon.com/us/play-pokemon/winter-regional-championships-2016/week-1-vg-tournament-results/,nuggetbridge
http://www.pokemon.com/us/play-pokemon/winter-regional-championships-2016/week-1-tcg-tournament-results/,nuggetbridge
http://nuggetbridge.com/forums/topic/22434-list-of-american-canadian-midseason-showdowns/,nuggetbridge
http://nuggetbridge.com/blogs/entry/1328-0-1-to-first-place-a-lucky-regional-report/,nuggetbridge
http://www.twitch.tv/nuggetbridge,nuggetbridge
http://bit.ly/1TdK6hv,nuggetbridge
http://www.pokemon.com/us/strategy/2016-winter-regional-championships-2016-vg-preview/,nuggetbridge
http://www.pokemon.com/us/play-pokemon/winter-regional-championships-2016/stream-information/,nuggetbridge
http://www.pokemon.com/us/play-pokemon/winter-regional-championships-2016/stream-information/,nuggetbridge
http://ow.ly/XHyOR,nuggetbridge
http://ow.ly/XHyKH,nuggetbridge
http://ow.ly/XHyFj,nuggetbridge
http://nuggetbridge.com/blogs/entry/929-beware-of-dog-a-top-4-worlds-seniors-report/,nuggetbridge
http://ow.ly/XHyz4,nuggetbridge
http://ow.ly/XHysm,nuggetbridge
http://ow.ly/XHyag,nuggetbridge
http://bit.ly/1TrPBtk,nuggetbridge
http://ow.ly/Xyt70,nuggetbridge
https://battlefy.com/nugget-bridge/nugget-bridge-circuit-501/569edb1cbb857c5000e08941/info,nuggetbridge
https://battlefy.com/nugget-bridge,nuggetbridge
http://nuggetbridge.com/blogs/entry/1210-nugget-bridge-circuit-season-5/,nuggetbridge
http://bit.ly/1PoF8c9,nuggetbridge
http://3ds.pokemon-gl.com/information/236e5af2-7043-400f-be36-a5713785d52a,nuggetbridge
http://bit.ly/1ZQ6MX4,nuggetbridge
http://bit.ly/1IRk5SW,nuggetbridge
http://bit.ly/1PzoVph,nuggetbridge
http://ow.ly/WjsbG,nuggetbridge
http://bit.ly/1moxvLU,nuggetbridge
http://nuggetbridge.com/forums/topic/21282-2016-worlds-cp-bar-and-day-2-qualification-system/?p=249757,nuggetbridge
http://www.pokemon.com/us/play-pokemon/worlds/2016/vg-competitor-information/,nuggetbridge
http://www.pokemon.com/us/play-pokemon/worlds/2016/tcg-competitor-information/,nuggetbridge
https://www.facebook.com/events/103098363426411/,CybertronVGC
http://m.ign.com/articles/2009/05/06/pokemon-announces-schedule-for-2009-video-game-world-championships,CybertronVGC
http://origin.pokemonvgc.com/en/events.php,CybertronVGC
http://www.serebii.net/vgc/2011.shtml,CybertronVGC
http://bit.ly/25yxK9x,CybertronVGC
https://www.youtube.com/watch?time_continue=5&v=wZZxcW9Ssyk,CybertronVGC
http://www.topcutcentral.com/VGCregional,CybertronVGC
http://www.topcutcentral.com/VGCregional,CybertronVGC
https://twitter.com/devilherdue/status/715300146213478401,CybertronVGC
https://www.youtube.com/watch?v=FSU1brTpzoU,CybertronVGC
https://www.youtube.com/watch?v=NUJp4jTXA8M&feature=youtu.be,CybertronVGC
http://nuggetbridge.com/forums/topic/1936-never-before-seen-footage-the-2005-pok%C3%A9mon-emerald-ultimate-frontier-brain-battle/,CybertronVGC
https://www.youtube.com/user/CybertronProductions,CybertronVGC
https://vine.co/v/iw7pnlizlzb,CybertronVGC
https://www.twitch.tv/jhufself,CybertronVGC
http://www.tienda.miseleccion.mx,miseleccionmx
http://goo.gl/jB2GXi,miseleccionmx
http://goo.gl/hSCgH2,miseleccionmx
http://goo.gl/UTaHQ3,miseleccionmx
http://abrazados.futbol/,miseleccionmx
http://www.tienda.miseleccion.mx,miseleccionmx
http://abrazados.futbol/,miseleccionmx
http://goo.gl/VE5j0x,miseleccionmx
https://twitter.com/CA2016/status/715604447301251072,miseleccionmx
http://goo.gl/YJIJh6,miseleccionmx
https://twitter.com/isa_perez11CAVG/status/715572372288380928,miseleccionmx
https://goo.gl/7hKJJo,miseleccionmx
http://goo.gl/YJIJh6,miseleccionmx
http://goo.gl/YJIJh6,miseleccionmx
https://amp.twimg.com/v/e2e17fef-6488-4a0f-b16b-c666802f042b,miseleccionmx
http://abrazados.futbol/,miseleccionmx
https://goo.gl/jB2GXi,miseleccionmx
https://goo.gl/hSCgH2,miseleccionmx
http://abrazados.futbol/,miseleccionmx
http://abrazados.futbol/,miseleccionmx
https://twitter.com/bayer04_es/status/715278438500737024,miseleccionmx
http://goo.gl/80UfcS,miseleccionmx
http://miseleccion.mx/boletos/,miseleccionmx
https://twitter.com/julissa_green/status/715265726001483776,miseleccionmx
https://twitter.com/milito_jr87/status/715264541865607168,miseleccionmx
http://goo.gl/YJIJh6,miseleccionmx
http://abrazados.futbol/,miseleccionmx
http://bit.ly/1RKenjn,miseleccionmx
https://cards.twitter.com/cards/4frx94/1lude,miseleccionmx
https://cards.twitter.com/cards/4frx94/1lu1p,miseleccionmx
https://twitter.com/univisionsports/status/715016884941250560,miseleccionmx
http://snpy.tv/1SlFnGA,miseleccionmx
http://www.polygon.com/2016/3/31/11334014/eve-online-war,paolini
https://www.youtube.com/watch?v=JEoqrjFX1yI,paolini
https://twitter.com/buzzbookstore/status/715221813203177472,paolini
http://imgur.com/gallery/ZZpVeoY,paolini
https://twitter.com/paolini/status/714508048803311616,paolini
https://www.instagram.com/christopher_paolini/,paolini
https://register.growtix.com/schedules/view/15621,paolini
http://www.paolini.net/2016/03/10/details-christophers-events-salt-lake-comic-con/,paolini
http://www.paolini.net/2016/03/10/details-christophers-events-salt-lake-comic-con/,paolini
https://www.instagram.com/p/BDmHwINqEH6/,MiguelHerreraDT
https://www.instagram.com/p/BDmFACtqEDf/,MiguelHerreraDT
https://www.instagram.com/p/BDcIAArqECV/,MiguelHerreraDT
https://amp.twimg.com/v/c856256d-f60f-44be-a1c6-008c1465c33f,MiguelHerreraDT
https://amp.twimg.com/v/90180b97-e7fd-4c2d-a140-5e9c1595f74c,MiguelHerreraDT
https://youtu.be/hxGhS_p6L7g,MiguelHerreraDT
http://manejaconcausa.com,MiguelHerreraDT
http://bit.ly/1PvlWOW,MiguelHerreraDT
http://bit.ly/1lxwgZG,MiguelHerreraDT
http://bit.ly/1nzcUVO,MiguelHerreraDT
http://bit.ly/1YFrBUD,MiguelHerreraDT
http://bit.ly/1Rftcz6,MiguelHerreraDT
https://www.instagram.com/p/-0LkDUKEPb/,MiguelHerreraDT
http://youtu.be/jvUdQCf2C2s,MiguelHerreraDT
http://bit.ly/1RLSt0J,MiguelHerreraDT
https://instagram.com/p/8CzscrqELB/,MiguelHerreraDT
https://twitter.com/Myleiidy/status/612715569171689472,MiguelHerreraDT
https://twitter.com/hherreramex/status/607333270678847488,MiguelHerreraDT
http://spoti.fi/1RNLYvq,MiguelHerreraDT
http://youtu.be/lBIqgFytrpI,MiguelHerreraDT
http://youtu.be/gnb1oYK2Yas,MiguelHerreraDT
https://www.youtube.com/watch?v=g3umuOWdMyA,MiguelHerreraDT
http://bit.ly/cielmw,MiguelHerreraDT
http://www.imdb.com/title/tt3460252,claudiitaleon
http://www.imdb.com/title/tt1895587,claudiitaleon
http://www.imdb.com/title/tt3322364,claudiitaleon
https://www.instagram.com/p/BAFszfsALp5/,claudiitaleon
http://www.imdb.com/title/tt1596363,claudiitaleon
http://www.imdb.com/title/tt1976009,claudiitaleon
http://www.imdb.com/title/tt1390411,claudiitaleon
http://www.imdb.com/title/tt2379713,claudiitaleon
http://www.imdb.com/title/tt3659388,claudiitaleon
https://www.imdb.com/title/tt2361509,claudiitaleon
http://on.mash.to/1VgdNiN,AaronSaPa
http://bit.ly/1opTYsw,AaronSaPa
http://sopit.as/1Y3Hind,AaronSaPa
https://stickers.notifuse.com/,AaronSaPa
http://on.mash.to/25v2qbB,AaronSaPa
http://www.muyinteresante.es/salud/sexualidad/fotos/10-beneficios-del-sexo-para-tu-salud/beneficios-sexo-estres,AaronSaPa
http://ow.ly/102Few,AaronSaPa
http://bit.ly/25rejPQ,AaronSaPa
https://twitter.com/mashable/status/714157039648436224,AaronSaPa
https://twitter.com/mashable/status/714157039648436224,AaronSaPa
http://cnet.co/25pTMv7,AaronSaPa
https://twitter.com/sopitas/status/713579507647557633,AaronSaPa
http://www.muyinteresante.es/innovacion/articulo/un-tatuaje-temporal-mide-los-niveles-de-azucar-en-sangre-791421924543,AaronSaPa
http://hubs.ly/H02t_mr0,AaronSaPa
http://blog.udacity.com/2016/01/hottest-jobs-in-2016-3-data-scientist.html,AaronSaPa
http://engt.co/22xPh2y,AaronSaPa
https://twitter.com/engadget/status/712641000431349760,AaronSaPa
http://bit.ly/1VBLo7n,AaronSaPa
http://on.mash.to/1VAayTK,AaronSaPa
https://twitter.com/PsychToday/status/712080112267558912,AaronSaPa
http://on.mash.to/1pGn3Bv,AaronSaPa
http://fb.me/7630zh8Pi,AaronSaPa
http://on.mash.to/1pIS1IK,AaronSaPa
http://s.hbr.org/1U4BVWU,AaronSaPa
http://mile.io/1QLauNG,AaronSaPa
http://ow.ly/Z6FME,AaronSaPa
http://on.mash.to/24Rconk,AaronSaPa
http://hubs.ly/H02k71G0,AaronSaPa
http://engt.co/24Ose21,AaronSaPa
https://www.facebook.com/pokemex/events,pokemex
http://fb.me/7MU40nCZG,pokemex
http://fb.me/4PtXc5BjO,pokemex
http://fb.me/70BSMBLPZ,pokemex
http://fb.me/7gUBn8O4V,pokemex
http://fb.me/2CC2L49O8,pokemex
http://fb.me/2tOkEQ7Ew,pokemex
http://streamsespanol.com/blog/tutorial-como-hacer-streams-con-obs/,pokemex
http://fb.me/4H53MySpH,pokemex
http://pokemex.com/2016/03/30/pokemon-snap-a-la-consola-virtual/,pokemex
http://fb.me/Rjb9CHxm,pokemex
http://fb.me/7PYp3FQ8g,pokemex
http://fb.me/7N3dqJ5Ih,pokemex
http://fb.me/2xXhkYdK7,pokemex
http://fb.me/6WbF1R8dU,pokemex
http://fb.me/4yFBglWcI,pokemex
http://fb.me/4zLfgHHoW,pokemex
http://fb.me/7NfhqdMRI,pokemex
http://fb.me/14uRGGQoq,pokemex
http://fb.me/2jmOHVUFc,pokemex
http://fb.me/3Slm0Gpkh,pokemex
http://fb.me/2j5uZLeXb,pokemex
http://www.twitch.tv/pokemex#5791,pokemex
http://www.twitch.tv/pokemex#6,pokemex
http://fb.me/5atpdi7SK,pokemex
http://fb.me/4HzNSffFA,pokemex
http://fb.me/6pcyIf3BL,pokemex
http://www.twitch.tv/pokemex#4652,pokemex
http://fb.me/8zuek8yMb,pokemex
http://fb.me/4micS8OqV,pokemex
http://fb.me/1aOuykv7E,pokemex
http://fb.me/7et3KIajp,pokemex
http://fb.me/5Lhgadz64,pokemex
http://fb.me/19vzWolVn,pokemex
http://fb.me/2C0MrsVSl,pokemex
http://fb.me/858SyWoE2,pokemex
http://fb.me/2M1NoO2Rx,pokemex
http://fb.me/18mnVjtMf,pokemex
http://fb.me/195pJP2bP,pokemex
http://fb.me/2gVRSQZFX,pokemex
http://fb.me/2O5sTNmzK,pokemex
http://fb.me/7cAoBqlMr,pokemex
http://fb.me/15BDrwqSr,pokemex
http://fb.me/2asRNTDWS,pokemex
http://fb.me/X0ckmvJ8,pokemex
http://fb.me/vFv7rAbM,pokemex
http://fb.me/Xsz7ctaM,pokemex
http://www.twitch.tv/pokemex#4344,pokemex
http://www.twitch.tv/pokemex,pokemex
http://fb.me/YhXWTu8R,pokemex
http://fb.me/Tvrvdpi8,pokemex
http://fb.me/19x7JCjzN,pokemex
http://fb.me/7RMIpLKqO,pokemex
http://fb.me/4NxKGeemV,pokemex
https://tmblr.co/ZO4QVx23YW1zg,pokemex
http://fb.me/760aFy55O,pokemex
http://fb.me/7K9iNtiuh,pokemex
http://fb.me/4Rbh94hPp,pokemex
http://fb.me/Wrp5a2Nk,pokemex
http://fb.me/2b7lQ8cQ6,pokemex
http://fb.me/LIohl0lW,pokemex
http://fb.me/GgVcZLwi,pokemex
http://fb.me/4MCSEY3E3,pokemex
http://fb.me/PEZnWhot,pokemex
http://fb.me/v2wM2SD8,pokemex
http://fb.me/TqtC8x9H,pokemex
http://fb.me/3TCTtGDIq,pokemex
http://fb.me/4HWv90fyQ,pokemex
http://fb.me/2AbT5Ss7K,pokemex
http://fb.me/2Cv0Bplyp,pokemex
http://fb.me/7DkPT5wEF,pokemex
http://fb.me/83pE8SYB8,pokemex
http://fb.me/5Yj6zsOln,pokemex
http://fb.me/7a1SdOagB,pokemex
http://fb.me/11HnEB1oc,pokemex
http://fb.me/TmAn7b8f,pokemex
http://fb.me/2NkpErdMR,pokemex
http://fb.me/15kaJHxhK,pokemex
http://fb.me/7MArJYIHq,pokemex
http://fb.me/3H4EnlGH9,pokemex
http://fb.me/71loF8jYx,pokemex
http://fb.me/127AxSe7j,pokemex
http://fb.me/2ApQKn8qn,pokemex
http://fb.me/7W9hJbiTI,pokemex
http://fb.me/7IRCT6UbP,pokemex
http://fb.me/2dd2c6kVm,pokemex
http://fb.me/WKmqoKUH,pokemex
http://fb.me/7gMzncsI5,pokemex
http://fb.me/75ZRVkvMR,pokemex
http://fb.me/5eckEH2VC,pokemex
http://fb.me/7REHmVwTf,pokemex
http://fb.me/4SS6CZqPU,pokemex
http://fb.me/722l1iAPQ,pokemex
http://fb.me/41jnHwIU9,pokemex
http://bit.ly/17O3USw,TerraTurismoMX
http://bit.ly/1ebWOIz,TerraTurismoMX
http://bit.ly/18p8VgG,TerraTurismoMX
http://bit.ly/198ltL8,TerraTurismoMX
http://bit.ly/18nWYXr,TerraTurismoMX
http://bit.ly/12PhFwB,TerraTurismoMX
http://bit.ly/14AHou6,TerraTurismoMX
http://bit.ly/18VKmJ2,TerraTurismoMX
http://bit.ly/19zXK6C,TerraTurismoMX
http://bit.ly/15621hp,TerraTurismoMX
http://bit.ly/13zf7FC,TerraTurismoMX
http://bit.ly/14H7g2E,TerraTurismoMX
http://bit.ly/1dajPv6,TerraTurismoMX
http://bit.ly/1bsBeNN,TerraTurismoMX
http://bit.ly/147kaaI,TerraTurismoMX
http://bit.ly/13vizf3,TerraTurismoMX
http://bit.ly/19aiody,TerraTurismoMX
http://bit.ly/19aidPo,TerraTurismoMX
http://bit.ly/13OABwt,TerraTurismoMX
http://bit.ly/198ltL8,TerraTurismoMX
http://bit.ly/14q0mTt,TerraTurismoMX
http://bit.ly/14pYJoM,TerraTurismoMX
http://bit.ly/14pYv0Y,TerraTurismoMX
http://bit.ly/11KDLjh,TerraTurismoMX
http://bit.ly/19LQ43U,TerraTurismoMX
http://bit.ly/13i3ltG,TerraTurismoMX
http://bit.ly/15Ibxqd,TerraTurismoMX
http://bit.ly/18YFzap,TerraTurismoMX
http://bit.ly/18WGhbU,TerraTurismoMX
http://bit.ly/16eqK1o,TerraTurismoMX
http://bit.ly/1ceizbh,TerraTurismoMX
http://bit.ly/17TJvIl,TerraTurismoMX
http://bit.ly/13epIo9,TerraTurismoMX
http://bit.ly/1bSGuNr,TerraTurismoMX
http://bit.ly/13IUJPT,TerraTurismoMX
http://bit.ly/1ba0mMr,TerraTurismoMX
http://bit.ly/18k2LmT,TerraTurismoMX
http://bit.ly/133gjhC,TerraTurismoMX
http://bit.ly/133gfyv,TerraTurismoMX
http://bit.ly/1diXUz7,TerraTurismoMX
http://bit.ly/12WV7Kd,TerraTurismoMX
http://bit.ly/12WSasU,TerraTurismoMX
http://bit.ly/1aWBuXu,TerraTurismoMX
http://bit.ly/15uaISn,TerraTurismoMX
http://bit.ly/15uaBX7,TerraTurismoMX
http://bit.ly/1aSfVHv,TerraTurismoMX
http://bit.ly/1211dJw,TerraTurismoMX
http://bit.ly/15mDJzh,TerraTurismoMX
http://bit.ly/17YpUuO,TerraTurismoMX
http://bit.ly/17YpQLy,TerraTurismoMX
http://bit.ly/13epIo9,TerraTurismoMX
http://bit.ly/16RR0Pw,TerraTurismoMX
http://bit.ly/13vz3bj,TerraTurismoMX
http://bit.ly/1b8bXJx,TerraTurismoMX
http://bit.ly/1211dJw,TerraTurismoMX
http://bit.ly/12vTGh4,TerraTurismoMX
http://bit.ly/13cmgM7,TerraTurismoMX
http://bit.ly/17FcSSX,TerraTurismoMX
http://bit.ly/10lv7Hi,TerraTurismoMX
http://bit.ly/10lv7as,TerraTurismoMX
http://bit.ly/14vR7Pl,TerraTurismoMX
http://bit.ly/16xjduR,TerraTurismoMX
http://bit.ly/16xhVjE,TerraTurismoMX
http://bit.ly/12lT1ip,TerraTurismoMX
http://bit.ly/12eEhWG,TerraTurismoMX
http://bit.ly/1aIg6n7,TerraTurismoMX
http://bit.ly/SrWB92,TerraTurismoMX
http://bit.ly/WiQft7,TerraTurismoMX
http://bit.ly/15BTmA1,TerraTurismoMX
http://bit.ly/16QsEX8,TerraTurismoMX
http://bit.ly/11Pd1tR,TerraTurismoMX
http://bit.ly/10yHyls,TerraTurismoMX
http://bit.ly/15BTmA1,TerraTurismoMX
http://bit.ly/10vbn6u,TerraTurismoMX
http://bit.ly/13Qqtle,TerraTurismoMX
http://bit.ly/PJRs7s,TerraTurismoMX
http://bit.ly/1bO8PA3,TerraTurismoMX
http://bit.ly/WiQft7,TerraTurismoMX
http://bit.ly/15BTmA1,TerraTurismoMX
http://bit.ly/14zAaWa,TerraTurismoMX
http://bit.ly/ZJsWgt,TerraTurismoMX
http://bit.ly/109zEP9,TerraTurismoMX
http://bit.ly/17CCdf2,TerraTurismoMX
http://ow.ly/109wsD,cprocuna
http://ow.ly/109wsD,cprocuna
http://ow.ly/109D2X,cprocuna
http://ow.ly/109wWP,cprocuna
http://ow.ly/109wsD,cprocuna
http://ow.ly/106I8l,cprocuna
http://bit.ly/1omnJdu,cprocuna
http://ow.ly/105Yq2,cprocuna
http://ow.ly/105SAT,cprocuna
http://bit.ly/1SvnuHN,cprocuna
http://bit.ly/1UAVkyV,cprocuna
http://es.pn/1Y004vC,cprocuna
http://www.tiendanecaxa.mx,ClubNecaxa
https://twitter.com/_carop/status/715932155889618945,ClubNecaxa
https://twitter.com/ClubNecaxa/status/715931798736252929,ClubNecaxa
https://twitter.com/clubnecaxa/status/715917838939086848,ClubNecaxa
https://twitter.com/clubnecaxa/status/715720357248786432,ClubNecaxa
http://bit.ly/1ROuT1T,ClubNecaxa
https://twitter.com/clubnecaxa/status/715377910228463617,ClubNecaxa
https://twitter.com/alaffita22/status/715718525780791296,ClubNecaxa
http://bit.ly/1ROuAnR,ClubNecaxa
https://twitter.com/ClubNecaxa/status/715727895168024577,ClubNecaxa
https://goo.gl/ZLq2EP,ClubNecaxa
http://bit.ly/1ROtN65,ClubNecaxa
https://twitter.com/ClubNecaxa/status/715704791024816130,ClubNecaxa
https://twitter.com/reformacancha/status/715684684810702848,ClubNecaxa
http://bit.ly/1ROrz6O,ClubNecaxa
https://www.periscope.tv/w/acwsQzEwNjA2NjF8MXlwSmRlb2ROZWR4VwuQfAeCW3K1iLd3Qoxr1HDM_TQeEg1P46K7_S1okVis,ClubNecaxa
http://www.pasionrojiblanca.com.mx/2016/03/opinion-pr-un-superlider-sobrevalorado.html,ClubNecaxa
http://ladoce.com.mx/noticias/113202/,ClubNecaxa
http://bit.ly/1RNAaGR,ClubNecaxa
http://bit.ly/1uLxuOM,ClubNecaxa
https://twitter.com/blanchlady/status/715603892071862272,ClubNecaxa
http://bit.ly/2171oxB,ClubNecaxa
http://bit.ly/1q5XYjH,ClubNecaxa
https://twitter.com/ClubNecaxa/status/714863989155565568,ClubNecaxa
https://twitter.com/clubnecaxa/status/715377910228463617,ClubNecaxa
https://twitter.com/hidro80s/status/715374000025645057,ClubNecaxa
https://twitter.com/ClubNecaxa/status/715372815914901504,ClubNecaxa
https://twitter.com/hidro80s/status/715357286613430272,ClubNecaxa
https://twitter.com/hidro80s/status/715356825915293696,ClubNecaxa
https://twitter.com/brandon16troski/status/715318158312103937,ClubNecaxa
https://twitter.com/clubnecaxa/status/715007679018741762,ClubNecaxa
https://twitter.com/mariaaurquiza/status/715232056851058688,ClubNecaxa
https://twitter.com/ClubNecaxa/status/715206906499870720,ClubNecaxa
http://radiouniversal.com.mx,ClubNecaxa
https://twitter.com/clubnecaxa/status/715007679018741762,ClubNecaxa
https://twitter.com/PatroriaMx/status/714915584249430016,ClubNecaxa
https://twitter.com/ClubNecaxa/status/714863989155565568,ClubNecaxa
http://ow.ly/10byvF,FCBarcelona_es
http://snpy.tv/1UIlKPq,FCBarcelona_es
http://facebook.com/fcbarcelona,FCBarcelona_es
http://ow.ly/10btuV,FCBarcelona_es
http://www.fcbarcelona.es,FCBarcelona_es
http://ow.ly/10baJJ,FCBarcelona_es
http://ow.ly/10b8NZ,FCBarcelona_es
http://ow.ly/10aHpm,FCBarcelona_es
http://ow.ly/10apo4,FCBarcelona_es
http://ow.ly/104Hmy,FCBarcelona_es
http://ow.ly/10aGIs,FCBarcelona_es
https://youtu.be/mw1R2M4jzT0,FCBarcelona_es
http://ow.ly/10awMW,FCBarcelona_es
http://ow.ly/10anXq,FCBarcelona_es
http://ow.ly/10alQv,FCBarcelona_es
http://ow.ly/10airW,FCBarcelona_es
http://ow.ly/1093wK,FCBarcelona_es
http://ow.ly/1092WO,FCBarcelona_es
http://ow.ly/109kQF,FCBarcelona_es
http://ow.ly/105E61,FCBarcelona_es
http://ow.ly/1092vR,FCBarcelona_es
http://ow.ly/1094OU,FCBarcelona_es
http://ow.ly/108VgO,FCBarcelona_es
http://ow.ly/10925n,FCBarcelona_es
http://ow.ly/108W5F,FCBarcelona_es
http://ow.ly/1092hC,FCBarcelona_es
http://ow.ly/1094uE,FCBarcelona_es
http://ow.ly/108Z1t,FCBarcelona_es
http://go.nike.com/3muka43,FCBarcelona_es
http://ow.ly/108UWE,FCBarcelona_es
http://ow.ly/108VGV,FCBarcelona_es
http://ow.ly/1094b4,FCBarcelona_es
http://ow.ly/1091QJ,FCBarcelona_es
http://snpy.tv/1PHnQqt,FCBarcelona_es
http://ow.ly/108AQS,FCBarcelona_es
https://vine.co/v/ij77ivJJHWl,FCBarcelona_es
http://ow.ly/108O0P,FCBarcelona_es
http://ow.ly/108OMa,FCBarcelona_es
http://ow.ly/108LB0,FCBarcelona_es
http://vine.co/fcbarcelona,FCBarcelona_es
https://vine.co/v/ij7EQ7UnQYH,FCBarcelona_es
http://ow.ly/108AM9,FCBarcelona_es
http://ow.ly/108soy,FCBarcelona_es
http://www.fcbarcelona.es,FCBarcelona_es
http://ow.ly/108oBc,FCBarcelona_es
http://snpy.tv/1onRmeG,FCBarcelona_es
http://ow.ly/104FoU,FCBarcelona_es
http://ow.ly/107RU9,FCBarcelona_es
http://ow.ly/107RWa,FCBarcelona_es
http://ow.ly/107JYC,FCBarcelona_es
http://ow.ly/107H1K,FCBarcelona_es
http://ow.ly/105lA4,FCBarcelona_es
http://snpy.tv/22R6SCD,FCBarcelona_es
http://ow.ly/107vBA,FCBarcelona_es
http://snpy.tv/1UEjoBa,FCBarcelona_es
http://ow.ly/1069Ob,FCBarcelona_es
http://snpy.tv/1PGWP6q,FCBarcelona_es
http://ow.ly/105q8p,FCBarcelona_es
http://ow.ly/106dQj,FCBarcelona_es
http://ow.ly/106c4O,FCBarcelona_es
https://youtu.be/Bpj_34NxmV0,FCBarcelona_es
http://ow.ly/1067mE,FCBarcelona_es
http://ow.ly/106b9r,FCBarcelona_es
http://ow.ly/1069cZ,FCBarcelona_es
http://snpy.tv/22PIv8x,FCBarcelona_es
http://ow.ly/105qL5,FCBarcelona_es
http://ow.ly/ZZjaJ,FCBarcelona_es
http://snpy.tv/1RJHbyQ,FCBarcelona_es
http://ow.ly/1062xU,FCBarcelona_es
http://ow.ly/105Wmy,FCBarcelona_es
http://ow.ly/105kS1,FCBarcelona_es
http://snpy.tv/1PFxLg6,FCBarcelona_es
http://ow.ly/105Izk,FCBarcelona_es
http://ow.ly/1052M8,FCBarcelona_es
http://ow.ly/105p9I,FCBarcelona_es
http://ow.ly/1053b1,FCBarcelona_es
http://ow.ly/10525L,FCBarcelona_es
http://ow.ly/104XPb,FCBarcelona_es
http://snpy.tv/22Oc7mH,FCBarcelona_es
http://ow.ly/104DPR,FCBarcelona_es
http://ow.ly/1051Od,FCBarcelona_es
http://ow.ly/1051sT,FCBarcelona_es
http://www.fcbarcelona.es,FCBarcelona_es
http://ow.ly/104TOR,FCBarcelona_es
http://ow.ly/104SOk,FCBarcelona_es
http://ow.ly/104OIV,FCBarcelona_es
http://ow.ly/104Ksl,FCBarcelona_es
http://ow.ly/102xSl,FCBarcelona_es
https://twitter.com/FCBhoquei/status/715093878722928640,FCBarcelona_es
https://www.youtube.com/watch?v=2b5J1FruHNM,FCBarcelona_es
http://NIKE.COM/FOOTBALL,Cristiano
https://www.youtube.com/watch?v=-iWZdoMqGIE,Cristiano
http://bit.ly/GETsuperstars,Cristiano
http://gonike.me/Football_App,Cristiano
https://amp.twimg.com/v/bedb039a-2cd6-43cd-96e8-04ab31bacda5,Cristiano
http://gonike.me/Football_App,Cristiano
http://nike.com/footballapp,Cristiano
http://gonike.me/Football_App,Cristiano
http://go.nike.com/FPFKits,Cristiano
http://bit.ly/1nhusVN,Cristiano
http://www.clearparis.com,Cristiano
http://cr7footwear.com,Cristiano
https://amp.twimg.com/v/04d61472-9399-4b12-a285-ec700509117d,Cristiano
https://amp.twimg.com/v/a93eac5c-198b-43e7-b50c-07bf90991c2f,Cristiano
http://bit.ly/GETsuperstars,Cristiano
https://amp.twimg.com/v/3b66ee95-c1be-4fe8-bd84-13df12c17d06,Cristiano
https://youtu.be/YZgVn6cEXGY,Cristiano
http://on.fb.me/1mpnAFp,Cristiano
https://amp.twimg.com/v/15a18e70-5728-4d9f-ae1b-7f295c427b19,Cristiano
https://amp.twimg.com/v/9d4ab85e-1e7d-4883-9c0d-ac269e93bd5b,Cristiano
http://bit.ly/CristianoAndSFR,Cristiano
https://amp.twimg.com/v/07dee1bf-3271-47ad-bc3b-6fdedaefa8f9,Cristiano
https://amp.twimg.com/v/38246467-1957-46ff-b96c-a49dd7632f93,Cristiano
http://apple.co/1UdECBS,Cristiano
https://amp.twimg.com/v/50563d13-79ac-402a-8905-1dab3c1caffb,Cristiano
https://amp.twimg.com/v/67f45bf9-e485-447c-b0d2-bc585a4decc0,Cristiano
http://www.aidstillrequired.org/ASRhaiti2016,Cristiano
https://amp.twimg.com/v/fb68c06a-d451-49e1-a144-7a34d90e1ca7,Cristiano
http://gonike.me/Football_App,Cristiano
https://amp.twimg.com/v/b2f51068-9ba6-46c2-b6ba-48a4439774ba,Cristiano
http://bit.ly/1H6fs6M,Cristiano
https://amp.twimg.com/v/79169d07-4708-4521-8f66-974c7c6bc313,Cristiano
https://amp.twimg.com/v/4f137209-901d-4706-8dce-c96d202dc755,Cristiano
http://youtu.be/WOR9My5DXgE,Cristiano
http://psta.rs/homegame,Cristiano
http://www.CR7Footwear.com,Cristiano
https://amp.twimg.com/v/9c63b833-0bd7-4a51-b547-f5ebc4547bbf,Cristiano
http://www.ronaldothefilm.com,Cristiano
http://www.CR7underwear.com,Cristiano
http://bit.ly/1H6fs6M,Cristiano
http://www.cr7footwear.com,Cristiano
https://amp.twimg.com/v/085e81ba-41d6-458f-a277-31221c8ff237,Cristiano
http://tvsa.mx/1pR7XIU,TD_Deportes
http://tvsa.mx/1Uwdf9E,TD_Deportes
http://TelevisaDeportes.com,TD_Deportes
http://tvsa.mx/1hy30k0,TD_Deportes
http://tvsa.mx/1UxKoC7,TD_Deportes
http://tvsa.mx/1pQW8lZ,TD_Deportes
http://tvsa.mx/1pQTHzL,TD_Deportes
http://tvsa.mx/1Uwdf9E,TD_Deportes
http://tvsa.mx/1pQIeA6,TD_Deportes
http://tvsa.mx/1pQup4L,TD_Deportes
http://tvsa.mx/1UwBeFW,TD_Deportes
http://snpy.tv/1SqOt4U,TD_Deportes
http://TelevisaDeportes.com,TD_Deportes
http://tvsa.mx/23P1QEQ,TD_Deportes
http://tvsa.mx/1Uwdf9E,TD_Deportes
http://tvsa.mx/1Uwo8s9,TD_Deportes
http://tvsa.mx/1UwgBto,TD_Deportes
http://tvsa.mx/1pPanaW,TD_Deportes
http://tvsa.mx/1pP6rHg,TD_Deportes
http://tvsa.mx/1UwdqSn,TD_Deportes
http://tvsa.mx/1Uwdf9E,TD_Deportes
http://tvsa.mx/1Uw7NDH,TD_Deportes
http://tvsa.mx/1pOWSYG,TD_Deportes
http://tvsa.mx/1Uw6epn,TD_Deportes
http://tvsa.mx/1pOVo0B,TD_Deportes
http://tvsa.mx/1pOUReY,TD_Deportes
http://tvsa.mx/1pOUiSx,TD_Deportes
http://tvsa.mx/1Uw3att,TD_Deportes
http://TelevisaDeportes.com,TD_Deportes
http://tvsa.mx/1pO2HFT,TD_Deportes
http://tvsa.mx/1pOK04X,TD_Deportes
http://tvsa.mx/1UvXeAy,TD_Deportes
http://tvsa.mx/1UvVveK,TD_Deportes
http://tvsa.mx/1pODZVY,TD_Deportes
https://www.instagram.com/chivas_oficial/,TD_Deportes
http://tvsa.mx/1UvPOxs,TD_Deportes
http://tvsa.mx/1UvHttx,TD_Deportes
http://tvsa.mx/1UvGmdp,TD_Deportes
http://tvsa.mx/1OSuWvi,TD_Deportes
http://tvsa.mx/1UvCGrT,TD_Deportes
http://bit.ly/22Qdwcx,TD_Deportes
https://amp.twimg.com/v/e67016f6-fd5a-4490-8cd8-dca82305cb6c,TD_Deportes
http://bit.ly/1SC11ZO,TD_Deportes
http://tvsa.mx/1pOlTmK,TD_Deportes
http://tvsa.mx/1pOkzAs,TD_Deportes
http://tvsa.mx/1Uvxa8Q,TD_Deportes
http://tvsa.mx/1pOhL6d,TD_Deportes
http://tvsa.mx/1pOhCzK,TD_Deportes
http://tvsa.mx/1UvwekP,TD_Deportes
http://tvsa.mx/1Uvv6xJ,TD_Deportes
http://tvsa.mx/1Uvv4Wu,TD_Deportes
http://tvsa.mx/1pOfXdJ,TD_Deportes
http://tvsa.mx/1pOfwzY,TD_Deportes
http://tvsa.mx/1pOfice,TD_Deportes
http://tvsa.mx/1pOc6xa,TD_Deportes
http://tvsa.mx/1pO6H9g,TD_Deportes
http://tvsa.mx/1pO67s0,TD_Deportes
http://tvsa.mx/1UvmeYK,TD_Deportes
http://tvsa.mx/1UvlpPP,TD_Deportes
http://tvsa.mx/1pO3Mxv,TD_Deportes
http://tvsa.mx/1pO2WRl,TD_Deportes
http://tvsa.mx/1pO1PB6,TD_Deportes
http://tvsa.mx/1Uvf6eX,TD_Deportes
http://tvsa.mx/1UveTbB,TD_Deportes
http://tvsa.mx/1UveFRY,TD_Deportes
http://tvsa.mx/1pNWHNc,TD_Deportes
http://tvsa.mx/1Uva2r1,TD_Deportes
http://tvsa.mx/1Uv8SvF,TD_Deportes
http://tvsa.mx/1pNPCfH,TD_Deportes
http://TelevisaDeportes.com,TD_Deportes
http://tvsa.mx/1hy30k0,TD_Deportes
http://tvsa.mx/1UuTO0U,TD_Deportes
http://tvsa.mx/1UuNfLV,TD_Deportes
http://tvsa.mx/1pNoNbq,TD_Deportes
http://tvsa.mx/1UuLIW7,TD_Deportes
http://TelevisaDeportes.com,TD_Deportes
http://tvsa.mx/23wG9Jx,TD_Deportes
http://tvsa.mx/1qkNe0A,TD_Deportes
http://tvsa.mx/1qjNJrE,TD_Deportes
http://snpy.tv/22QyGac,TD_Deportes
http://tvsa.mx/1pLyLKv,TD_Deportes
http://snpy.tv/1onmfzH,TD_Deportes
http://tvsa.mx/1pM4Jq5,TD_Deportes
http://tvsa.mx/1qkDOSO,TD_Deportes
http://tvsa.mx/1qkC4J7,TD_Deportes
http://tvsa.mx/1pJncTX,TD_Deportes
http://etsy.me/1k2vZya,TheMatrix
http://is.gd/6XutTO,TheMatrix
http://is.gd/2XgF5p,TheMatrix
http://is.gd/2XgF5p,TheMatrix
https://vimeo.com/24014265,TheMatrix
http://is.gd/9RbB8H,TheMatrix
http://internacional.elpais.com/internacional/2016/04/01/mexico/1459465252_194559.html?id_externo_rsoc=TW_CC,armandorocham
http://refor.ma/Zs-cadxXw,armandorocham
http://refor.ma/4x-cbwl0,armandorocham
http://go.nike.com/02cvuku9,armandorocham
http://go.nike.com/7446ncp,armandorocham
http://go.nike.com/2gleou8,armandorocham
http://refor.ma/uh-cadvFt,armandorocham
http://refor.ma/xP-cadvwH,armandorocham
http://refor.ma/xP-cadvwH,armandorocham
http://refor.ma/Mw-cbv67,armandorocham
http://refor.ma/Mw-cbv67,armandorocham
https://twitter.com/eleconomista/status/707745291944890368,armandorocham
https://twitter.com/larazon_mx/status/709635355062964224,armandorocham
https://twitter.com/emeequis/status/708522939243745281,armandorocham
http://nyer.cm/KTCVwwI,armandorocham
http://refor.ma/8H-cbvYP,armandorocham
http://www.huffingtonpost.com/entry/aei-world-forum-donald-trump_us_56ddbd38e4b0ffe6f8ea125d,armandorocham
https://twitter.com/cirogomezl/status/705739844526313474,armandorocham
http://bit.ly/1QhqI2j,armandorocham
https://www.swarmapp.com/c/iArcKQu3BFi,armandorocham
https://www.swarmapp.com/c/37KrLFHnmjP,armandorocham
https://twitter.com/signorina_arlen/status/698602454724714496,armandorocham
http://www.huffingtonpost.com/entry/donald-trump-new-hampshire_us_56b8fcc5e4b04f9b57dab13b,armandorocham
https://www.swarmapp.com/c/fGxWA53l7KY,armandorocham
http://thkpr.gs/3745544,armandorocham
http://go.nike.com/05c56afn,armandorocham
http://go.nike.com/0mk4cke,armandorocham
http://go.nike.com/012pt2lj,armandorocham
https://www.swarmapp.com/c/dDqu2G1LTxH,armandorocham
https://www.swarmapp.com/c/k2BUEP8j3bY,armandorocham
http://go.nike.com/6d2v4a4,armandorocham
http://go.nike.com/03845c74,armandorocham
http://goo.gl/hXDp7z,armandorocham
https://twitter.com/javisanchezglez/status/686294944978448384,armandorocham
https://www.swarmapp.com/c/7pJGpw5bnHf,armandorocham
http://wapo.st/1R2MKW3?tid=ss_tw,armandorocham
http://refor.ma/jF-cbuGx,armandorocham
http://go.nike.com/01pmgf8k,armandorocham
https://youtu.be/3L3rc8Eo82Y,armandorocham
https://www.facebook.com/pedrodeleom/videos/1945454475679745/,armandorocham
https://www.instagram.com/p/_sqTuLMA9O/,armandorocham
https://twitter.com/0rtografia/status/679509151731560448,armandorocham
http://goo.gl/XN02Eh,armandorocham
http://bit.ly/1OD3uP4,armandorocham
https://twitter.com/pablo_iglesias_/status/677170370219253760,armandorocham
http://refor.ma/KJ-cadb4i,armandorocham
https://twitter.com/gabinetecemx/status/676272945577226240,armandorocham
http://elpais.com/politica/2015/12/13/actualidad/1450027320_113305.html,armandorocham
http://elpais.com/elpais/2015/12/08/opinion/1449598145_131940.html,armandorocham
https://twitter.com/carocharbel/status/674389584164204544,armandorocham
https://twitter.com/carocharbel/status/674389584164204544,armandorocham
http://ofa.bo/c5pK,BarackObama
http://ofa.bo/iA4n,BarackObama
http://ofa.bo/jA0f,BarackObama
http://ofa.bo/d5qT,BarackObama
http://ofa.bo/c5pE,BarackObama
http://ofa.bo/hABU,BarackObama
http://ofa.bo/c5pC,BarackObama
http://ofa.bo/iA4a,BarackObama
http://ofa.bo/hABK,BarackObama
http://ofa.bo/z0Nx,BarackObama
http://ofa.bo/iA49,BarackObama
http://ofa.bo/c5oq,BarackObama
http://ofa.bo/z0Nc,BarackObama
http://ofa.bo/xMg,BarackObama
http://ofa.bo/b5tz,BarackObama
https://amp.twimg.com/v/4c0b0232-ada6-491b-bb7d-fcdfdf86f25b,BarackObama
http://ofa.bo/fA24,BarackObama
http://ofa.bo/wNI,BarackObama
http://snpy.tv/1UnoPnx,BarackObama
http://ofa.bo/a5rq,BarackObama
http://ofa.bo/uLa,BarackObama
http://ofa.bo/e5mg,BarackObama
http://ofa.bo/wN5,BarackObama
http://ofa.bo/z0MV,BarackObama
http://ofa.bo/c5n2,BarackObama
http://www.bloombergview.com/articles/2016-03-22/up-next-for-obamacare-transforming-medicine,BarackObama
http://ofa.bo/yMX,BarackObama
http://snpy.tv/1UC1C0N,BarackObama
http://ofa.bo/iA25,BarackObama
http://ofa.bo/c5m6,BarackObama
http://ofa.bo/j9yP,BarackObama
http://ofa.bo/yM8,BarackObama
http://ofa.bo/fA0m,BarackObama
http://ofa.bo/fA0l,BarackObama
http://ofa.bo/d5nJ,BarackObama
http://ofa.bo/g9zF,BarackObama
http://ofa.bo/z0L8,BarackObama
http://snpy.tv/1RO5IN7,BarackObama
http://ofa.bo/z0Ko,BarackObama
http://ofa.bo/a5pV,BarackObama
http://ofa.bo/d5mU,BarackObama
http://ofa.bo/vKK,BarackObama
http://ofa.bo/b5qo,BarackObama
http://ofa.bo/c5kt,BarackObama
http://ofa.bo/d5mM,BarackObama
http://ofa.bo/vKD,BarackObama
http://ofa.bo/a5p4,BarackObama
http://ofa.bo/vJm,BarackObama
http://ofa.bo/vJe,BarackObama
http://ofa.bo/e5iz,BarackObama
http://snpy.tv/1R9P2PJ,BarackObama
http://ofa.bo/wKP,BarackObama
http://snpy.tv/1R9N0Pq,BarackObama
http://ofa.bo/a5oO,BarackObama
http://ofa.bo/c5jb,BarackObama
http://ofa.bo/i9yw,BarackObama
http://ofa.bo/uIf,BarackObama
http://ofa.bo/xIl,BarackObama
http://ofa.bo/i9yd,BarackObama
http://ofa.bo/c5iv,BarackObama
http://ofa.bo/hA5u,BarackObama
http://ofa.bo/xII,BarackObama
http://go.wh.gov/PBa7T9,BarackObama
http://ofa.bo/xI6,BarackObama
http://ofa.bo/j9uA,BarackObama
http://ofa.bo/z0Ic,BarackObama
http://ofa.bo/uHZ,BarackObama
http://ofa.bo/d5hz,BarackObama
http://bit.ly/1RwtZqD,lopezobrador_
http://bit.ly/1PMkBnk,lopezobrador_
http://cnn.it/1VWFwpr,aristeguicnn
http://cnn.it/1WJQjS1,aristeguicnn
http://cnn.it/1pL3RCB,aristeguicnn
http://cnn.it/1XNH0AX,aristeguicnn
http://cnn.it/1XNH0AX,aristeguicnn
http://cnn.it/1XNH0AX,aristeguicnn
http://cnn.it/1XNH0AX,aristeguicnn
http://cnn.it/1XNH0AX,aristeguicnn
http://cnn.it/1XNH0AX,aristeguicnn
http://cnn.it/1WJQjS1,aristeguicnn
http://cnn.it/1WJQjS1,aristeguicnn
http://cnn.it/22DfVUf,aristeguicnn
http://cnn.it/22DfVUf,aristeguicnn
http://cnn.it/22DfVUf,aristeguicnn
http://cnn.it/22DfVUf,aristeguicnn
http://cnn.it/22DfVUf,aristeguicnn
http://cnn.it/22DfVUf,aristeguicnn
http://cnn.it/22DfVUf,aristeguicnn
http://cnn.it/22DfVUf,aristeguicnn
http://cnn.it/22DfVUf,aristeguicnn
http://cnn.it/1P3L0uV,aristeguicnn
http://cnn.it/21AGDuq,aristeguicnn
https://www.instagram.com/p/BDRRdk1E47T/,aristeguicnn
http://cnn.it/21AGDuq,aristeguicnn
http://cnn.it/21AGDuq,aristeguicnn
http://cnn.it/1Uua5Ty,aristeguicnn
http://cnn.it/25d7LEh,aristeguicnn
http://cnn.it/1nypxjR,aristeguicnn
http://on.fb.me/1Wp8FYF,aristeguicnn
http://cnn.it/1no5jcu,aristeguicnn
http://cnn.it/1ngSIb9,aristeguicnn
http://cnn.it/1kZioHq,aristeguicnn
http://cnn.it/1POx6w8,aristeguicnn
http://cnn.it/1POt6M4,aristeguicnn
http://cnn.it/1OSmcIG,aristeguicnn
http://cnn.it/1PJ0fst,aristeguicnn
